tenant_id,request_idx,ttft_ms,tpot_ms,mean_itl_ms,e2e_ms,num_input_tokens,num_output_tokens,start_time
tenant_A,0,72.31,11.85,11.75,1588.67,1024,128,1782187009.758
tenant_A,1,63.58,11.62,11.53,1550.45,1024,128,1782187009.898
tenant_A,2,64.33,11.37,11.28,1519.98,1024,128,1782187010.007
tenant_A,3,52.56,11.13,11.04,1476.75,1024,128,1782187011.93
tenant_A,4,51.58,12.31,12.21,1626.76,1024,128,1782187013.481
tenant_A,5,58.8,12.15,12.06,1613.98,1024,128,1782187013.807
tenant_A,6,65.12,12.16,12.07,1621.79,1024,128,1782187014.024
tenant_A,7,62.53,12.43,12.33,1653.69,1024,128,1782187014.92
tenant_A,8,87.08,12.18,12.08,1645.81,1024,128,1782187014.951
tenant_A,9,69.5,12.16,12.06,1625.79,1024,128,1782187015.554
tenant_A,10,68.0,11.93,11.83,1594.42,1024,128,1782187015.849
tenant_A,11,68.76,11.9,11.81,1591.92,1024,128,1782187016.237
tenant_A,12,69.76,11.58,11.49,1552.48,1024,128,1782187016.993
tenant_A,13,67.2,11.25,11.16,1507.31,1024,128,1782187017.542
tenant_A,14,51.81,12.2,12.11,1613.68,1024,128,1782187019.562
tenant_A,15,67.68,12.46,12.36,1662.55,1024,128,1782187020.587
tenant_A,16,68.34,12.22,12.12,1632.45,1024,128,1782187020.708
tenant_A,17,94.23,11.96,11.87,1625.43,1024,128,1782187020.727
tenant_A,18,59.9,11.7,11.61,1557.5,1024,128,1782187021.093
tenant_A,19,59.19,12.53,12.44,1663.63,1024,128,1782187021.899
tenant_A,20,113.23,12.23,12.13,1678.18,1024,128,1782187022.62
tenant_A,21,105.91,12.23,12.13,1670.85,1024,128,1782187022.627
tenant_A,22,61.61,11.97,11.88,1593.58,1024,128,1782187022.738
tenant_A,23,70.85,11.92,11.83,1596.87,1024,128,1782187023.235
tenant_A,24,68.15,11.85,11.76,1585.58,1024,128,1782187023.974
tenant_A,25,60.7,12.08,11.99,1607.06,1024,128,1782187024.506
tenant_A,26,60.16,12.12,12.02,1611.34,1024,128,1782187025.085
tenant_A,27,58.72,12.46,12.36,1653.76,1024,128,1782187025.849
tenant_A,28,70.85,12.22,12.13,1635.29,1024,128,1782187025.971
tenant_A,29,66.57,11.98,11.89,1600.38,1024,128,1782187026.397
tenant_A,30,71.56,11.62,11.53,1558.87,1024,128,1782187027.223
tenant_A,31,106.42,11.36,11.27,1560.56,1024,128,1782187027.233
tenant_A,32,58.58,12.05,11.96,1601.19,1024,128,1782187028.779
tenant_A,33,60.7,11.85,11.76,1577.7,1024,128,1782187029.044
tenant_A,34,62.67,11.88,11.79,1583.78,1024,128,1782187029.54
tenant_A,35,62.65,12.15,12.06,1617.85,1024,128,1782187030.271
tenant_A,36,61.66,12.38,12.29,1646.58,1024,128,1782187030.625
tenant_A,37,59.96,12.44,12.35,1652.7,1024,128,1782187031.309
tenant_A,38,67.84,12.18,12.09,1627.44,1024,128,1782187031.369
tenant_A,39,66.96,11.93,11.83,1593.62,1024,128,1782187031.966
tenant_A,40,66.03,11.69,11.6,1562.96,1024,128,1782187032.031
tenant_A,41,64.5,11.66,11.57,1556.72,1024,128,1782187032.271
tenant_A,42,60.25,11.15,11.06,1487.29,1024,128,1782187033.641
tenant_A,43,50.73,12.49,12.4,1649.83,1024,128,1782187036.135
tenant_A,44,59.98,12.36,12.27,1642.29,1024,128,1782187036.525
tenant_A,45,60.7,12.42,12.33,1650.78,1024,128,1782187036.953
tenant_A,46,67.63,12.21,12.12,1630.68,1024,128,1782187037.285
tenant_A,47,66.81,11.98,11.88,1599.63,1024,128,1782187037.351
tenant_A,48,67.6,11.7,11.6,1564.6,1024,128,1782187037.682
tenant_A,49,70.11,11.86,11.76,1587.77,1024,128,1782187038.428
tenant_A,50,65.74,12.08,11.99,1612.27,1024,128,1782187039.277
tenant_A,51,67.07,12.11,12.02,1617.14,1024,128,1782187039.557
tenant_A,52,68.17,12.18,12.09,1627.63,1024,128,1782187040.546
tenant_A,53,69.07,11.94,11.84,1596.75,1024,128,1782187040.623
tenant_A,54,59.29,11.93,11.83,1585.82,1024,128,1782187040.894
tenant_A,55,64.13,11.88,11.79,1585.03,1024,128,1782187041.391
tenant_A,56,62.9,11.55,11.46,1541.47,1024,128,1782187042.267
tenant_A,57,60.31,12.04,11.95,1601.66,1024,128,1782187042.904
tenant_A,58,59.13,11.87,11.78,1579.0,1024,128,1782187043.8
tenant_A,59,64.81,11.63,11.54,1553.52,1024,128,1782187044.018
tenant_A,60,60.04,11.57,11.48,1540.43,1024,128,1782187044.353
tenant_A,61,66.18,11.39,11.3,1524.45,1024,128,1782187045.804
tenant_A,62,60.19,13.74,13.63,1818.58,1024,128,1782187047.108
tenant_A,63,65.56,13.59,13.49,1805.3,1024,128,1782187047.327
tenant_A,64,59.87,13.39,13.29,1774.16,1024,128,1782187047.499
tenant_A,65,61.78,13.18,13.08,1748.79,1024,128,1782187047.642
tenant_A,66,64.64,13.21,13.11,1755.29,1024,128,1782187047.843
tenant_A,67,68.47,13.01,12.91,1733.44,1024,128,1782187048.09
tenant_A,68,63.49,12.76,12.66,1696.59,1024,128,1782187048.22
tenant_A,69,67.98,12.71,12.61,1694.81,1024,128,1782187048.624
tenant_A,70,92.86,12.37,12.27,1676.04,1024,128,1782187048.667
tenant_A,71,94.51,12.2,12.11,1656.36,1024,128,1782187048.698
tenant_A,72,70.48,12.24,12.14,1637.02,1024,128,1782187049.409
tenant_A,73,62.12,11.91,11.81,1586.05,1024,128,1782187049.92
tenant_A,74,60.83,11.61,11.52,1547.14,1024,128,1782187050.482
tenant_A,75,67.44,11.57,11.48,1548.65,1024,128,1782187050.874
tenant_A,76,66.29,11.77,11.68,1573.01,1024,128,1782187052.241
tenant_A,77,68.92,11.56,11.48,1549.19,1024,128,1782187052.664
tenant_A,78,63.61,11.76,11.67,1568.76,1024,128,1782187053.245
tenant_A,79,66.6,13.02,12.92,1732.8,1024,128,1782187054.669
tenant_A,80,92.86,12.77,12.67,1727.76,1024,128,1782187054.686
tenant_A,81,68.21,13.11,13.0,1745.8,1024,128,1782187054.855
tenant_A,82,79.14,12.88,12.78,1727.8,1024,128,1782187054.896
tenant_A,83,66.69,12.65,12.55,1686.04,1024,128,1782187055.066
tenant_A,84,70.1,12.41,12.31,1658.04,1024,128,1782187055.603
tenant_A,85,64.1,12.3,12.21,1638.77,1024,128,1782187056.125
tenant_A,86,100.39,12.2,12.1,1661.43,1024,128,1782187056.452
tenant_A,87,107.72,12.2,12.1,1668.82,1024,128,1782187056.445
tenant_A,88,66.69,12.69,12.59,1691.08,1024,128,1782187057.615
tenant_A,89,67.55,12.46,12.36,1662.18,1024,128,1782187057.795
tenant_A,90,64.32,12.22,12.13,1628.66,1024,128,1782187058.002
tenant_A,91,68.52,11.98,11.89,1602.13,1024,128,1782187058.212
tenant_A,92,62.53,11.73,11.64,1564.51,1024,128,1782187058.375
tenant_A,93,64.8,11.6,11.51,1549.22,1024,128,1782187059.121
tenant_A,94,59.62,11.17,11.08,1489.12,1024,128,1782187060.291
tenant_A,95,51.15,12.85,12.75,1696.23,1024,128,1782187062.084
tenant_A,96,58.44,13.2,13.1,1748.04,1024,128,1782187062.399
tenant_A,97,63.19,13.23,13.13,1756.39,1024,128,1782187062.539
tenant_A,98,60.93,13.32,13.21,1765.55,1024,128,1782187062.95
tenant_A,99,64.58,13.1,13.0,1741.02,1024,128,1782187063.174
tenant_A,100,61.15,12.91,12.81,1714.03,1024,128,1782187063.462
tenant_A,101,85.97,12.67,12.58,1708.34,1024,128,1782187063.491
tenant_A,102,62.51,12.36,12.27,1645.15,1024,128,1782187063.993
tenant_A,103,66.14,12.11,12.01,1615.92,1024,128,1782187064.057
tenant_A,104,66.84,11.85,11.76,1583.73,1024,128,1782187064.18
tenant_A,105,66.34,11.55,11.46,1545.09,1024,128,1782187064.342
tenant_A,106,50.3,13.28,13.18,1750.28,1024,128,1782187066.338
tenant_A,107,68.43,13.1,13.0,1745.66,1024,128,1782187066.554
tenant_A,108,98.52,12.87,12.77,1745.95,1024,128,1782187066.577
tenant_A,109,66.82,13.41,13.3,1782.97,1024,128,1782187066.984
tenant_A,110,95.49,13.14,13.04,1777.21,1024,128,1782187067.002
tenant_A,111,110.63,12.87,12.77,1757.74,1024,128,1782187067.034
tenant_A,112,71.31,12.61,12.52,1685.97,1024,128,1782187067.395
tenant_A,113,68.9,12.3,12.21,1643.93,1024,128,1782187067.9
tenant_A,114,61.05,11.99,11.9,1595.74,1024,128,1782187068.396
tenant_A,115,70.03,11.72,11.63,1570.82,1024,128,1782187068.467
tenant_A,116,71.09,11.42,11.33,1532.4,1024,128,1782187068.684
tenant_A,117,49.85,11.69,11.6,1546.32,1024,128,1782187070.236
tenant_A,118,65.3,11.55,11.46,1543.07,1024,128,1782187071.16
tenant_A,119,66.55,11.78,11.69,1574.63,1024,128,1782187071.531
tenant_A,120,69.59,12.71,12.61,1696.33,1024,128,1782187072.934
tenant_A,121,94.44,12.45,12.36,1688.45,1024,128,1782187072.965
tenant_A,122,66.7,12.22,12.13,1631.32,1024,128,1782187073.103
tenant_A,123,68.98,11.98,11.88,1601.87,1024,128,1782187073.236
tenant_A,124,60.78,11.92,11.82,1585.91,1024,128,1782187073.899
tenant_A,125,65.83,11.6,11.51,1550.9,1024,128,1782187074.456
tenant_A,126,63.43,11.25,11.16,1502.93,1024,128,1782187075.087
tenant_A,127,49.59,12.89,12.79,1698.98,1024,128,1782187076.621
tenant_A,128,67.55,12.73,12.63,1697.19,1024,128,1782187076.802
tenant_A,129,70.51,12.54,12.45,1676.1,1024,128,1782187077.24
tenant_A,130,67.79,12.31,12.21,1642.89,1024,128,1782187077.331
tenant_A,131,66.4,12.05,11.95,1608.5,1024,128,1782187077.549
tenant_A,132,66.47,12.01,11.91,1603.21,1024,128,1782187077.905
tenant_A,133,67.75,11.75,11.66,1571.9,1024,128,1782187077.993
tenant_A,134,67.01,11.89,11.8,1588.72,1024,128,1782187079.394
tenant_A,135,72.92,11.61,11.52,1558.38,1024,128,1782187079.651
tenant_A,136,68.2,11.35,11.26,1520.83,1024,128,1782187079.88
tenant_A,137,49.8,12.71,12.62,1677.31,1024,128,1782187081.507
tenant_A,138,62.03,12.49,12.4,1661.27,1024,128,1782187081.593
tenant_A,139,63.26,12.28,12.19,1635.21,1024,128,1782187081.839
tenant_A,140,67.55,12.04,11.94,1608.44,1024,128,1782187082.452
tenant_A,141,97.24,11.8,11.7,1607.18,1024,128,1782187082.477
tenant_A,142,69.93,12.01,11.91,1606.92,1024,128,1782187082.651
tenant_A,143,66.53,12.1,12.01,1615.37,1024,128,1782187084.057
tenant_A,144,68.71,11.87,11.77,1587.56,1024,128,1782187084.131
tenant_A,145,67.59,11.89,11.8,1589.76,1024,128,1782187084.653
tenant_A,146,61.4,11.89,11.8,1583.01,1024,128,1782187085.344
tenant_A,147,61.57,12.14,12.04,1615.21,1024,128,1782187085.915
tenant_A,148,60.08,12.41,12.31,1648.06,1024,128,1782187086.258
tenant_A,149,68.87,13.23,13.13,1762.3,1024,128,1782187086.911
tenant_A,150,66.5,13.08,12.98,1741.33,1024,128,1782187087.312
tenant_A,151,62.31,12.88,12.78,1710.63,1024,128,1782187087.533
tenant_A,152,99.43,12.63,12.53,1716.06,1024,128,1782187087.538
tenant_A,153,62.09,12.39,12.29,1648.12,1024,128,1782187088.093
tenant_A,154,67.67,12.39,12.29,1652.97,1024,128,1782187088.198
tenant_A,155,72.38,12.13,12.03,1624.55,1024,128,1782187088.331
tenant_A,156,67.62,11.79,11.7,1576.63,1024,128,1782187088.606
tenant_A,157,60.52,11.43,11.34,1523.44,1024,128,1782187089.756
tenant_A,158,65.67,11.14,11.05,1491.64,1024,128,1782187091.157
tenant_A,159,49.73,12.71,12.61,1676.96,1024,128,1782187093.383
tenant_A,160,65.16,12.53,12.43,1668.96,1024,128,1782187093.623
tenant_A,161,70.36,12.29,12.2,1644.09,1024,128,1782187093.695
tenant_A,162,70.53,12.56,12.46,1677.75,1024,128,1782187094.231
tenant_A,163,102.72,12.02,11.93,1641.32,1024,128,1782187094.464
tenant_A,164,100.04,12.02,11.93,1638.69,1024,128,1782187094.467
tenant_A,165,58.61,11.92,11.83,1584.81,1024,128,1782187095.32
tenant_A,166,65.05,11.65,11.56,1556.25,1024,128,1782187095.599
tenant_A,167,61.67,11.52,11.43,1536.27,1024,128,1782187096.095
tenant_A,168,62.75,12.33,12.24,1641.15,1024,128,1782187097.546
tenant_A,169,65.05,12.19,12.1,1625.78,1024,128,1782187097.977
tenant_A,170,63.05,12.23,12.14,1628.98,1024,128,1782187098.42
tenant_A,171,71.69,11.96,11.87,1602.57,1024,128,1782187098.47
tenant_A,172,65.84,11.69,11.6,1562.7,1024,128,1782187098.703
tenant_A,173,62.9,12.05,11.95,1604.71,1024,128,1782187099.812
tenant_A,174,68.02,11.88,11.78,1588.17,1024,128,1782187100.563
tenant_A,175,69.87,12.11,12.02,1619.94,1024,128,1782187100.946
tenant_A,176,61.69,11.88,11.78,1581.91,1024,128,1782187101.053
tenant_A,177,66.73,12.4,12.31,1654.56,1024,128,1782187102.342
tenant_A,178,60.49,12.41,12.31,1648.52,1024,128,1782187102.459
tenant_A,179,66.64,12.43,12.34,1657.99,1024,128,1782187102.815
tenant_A,180,60.42,12.21,12.11,1623.2,1024,128,1782187103.243
tenant_A,181,63.59,12.45,12.35,1657.15,1024,128,1782187103.537
tenant_A,182,62.04,12.68,12.59,1685.6,1024,128,1782187103.999
tenant_A,183,63.08,12.7,12.6,1688.38,1024,128,1782187104.271
tenant_A,184,68.85,12.96,12.86,1727.26,1024,128,1782187104.895
tenant_A,185,61.11,12.72,12.62,1688.79,1024,128,1782187104.969
tenant_A,186,63.58,13.01,12.91,1729.13,1024,128,1782187105.206
tenant_A,187,61.19,13.57,13.46,1797.53,1024,128,1782187105.552
tenant_A,188,69.0,13.35,13.24,1777.38,1024,128,1782187105.726
tenant_A,189,59.5,13.78,13.68,1823.86,1024,128,1782187106.473
tenant_A,190,67.57,13.78,13.67,1831.11,1024,128,1782187106.519
tenant_A,191,68.45,13.55,13.45,1803.27,1024,128,1782187106.69
tenant_A,192,88.97,13.29,13.19,1790.48,1024,128,1782187106.726
tenant_A,193,62.01,13.53,13.43,1794.45,1024,128,1782187107.126
tenant_A,194,95.34,13.28,13.17,1794.58,1024,128,1782187107.137
tenant_A,195,84.32,13.02,12.92,1751.36,1024,128,1782187107.204
tenant_A,196,62.84,12.73,12.63,1691.8,1024,128,1782187107.589
tenant_A,197,65.5,12.48,12.38,1662.59,1024,128,1782187107.687
tenant_A,198,71.8,12.53,12.43,1675.79,1024,128,1782187108.279
tenant_A,199,69.99,12.26,12.17,1639.29,1024,128,1782187108.524
tenant_A,200,62.4,12.01,11.92,1599.68,1024,128,1782187108.609
tenant_A,201,64.06,11.88,11.78,1584.21,1024,128,1782187109.616
tenant_A,202,63.4,11.62,11.53,1550.84,1024,128,1782187109.774
tenant_A,203,60.33,11.55,11.46,1538.11,1024,128,1782187110.587
tenant_A,204,64.62,11.19,11.11,1497.58,1024,128,1782187111.604
tenant_A,205,51.53,11.47,11.38,1520.09,1024,128,1782187113.1
tenant_A,206,61.2,11.48,11.4,1531.26,1024,128,1782187113.728
tenant_A,207,58.46,11.79,11.7,1567.78,1024,128,1782187115.052
tenant_A,208,63.56,12.14,12.05,1617.85,1024,128,1782187115.72
tenant_A,209,60.42,11.9,11.8,1583.26,1024,128,1782187115.8
tenant_A,210,71.57,12.66,12.56,1691.96,1024,128,1782187116.726
tenant_A,211,68.72,12.67,12.57,1690.18,1024,128,1782187116.944
tenant_A,212,63.84,12.45,12.36,1657.77,1024,128,1782187117.451
tenant_A,213,64.3,12.21,12.12,1627.75,1024,128,1782187117.597
tenant_A,214,66.43,12.23,12.14,1632.29,1024,128,1782187117.751
tenant_A,215,63.24,12.23,12.14,1629.26,1024,128,1782187117.923
tenant_A,216,66.76,11.95,11.86,1596.63,1024,128,1782187118.474
tenant_A,217,67.56,11.86,11.77,1585.27,1024,128,1782187119.234
tenant_A,218,70.45,11.6,11.51,1554.74,1024,128,1782187119.435
tenant_A,219,60.07,12.56,12.46,1668.01,1024,128,1782187120.586
tenant_A,220,64.66,12.69,12.6,1689.55,1024,128,1782187121.078
tenant_A,221,63.98,12.85,12.75,1708.57,1024,128,1782187121.61
tenant_A,222,69.79,12.61,12.52,1684.28,1024,128,1782187121.75
tenant_A,223,70.17,12.37,12.27,1653.54,1024,128,1782187121.838
tenant_A,224,64.0,12.12,12.03,1615.86,1024,128,1782187121.98
tenant_A,225,62.3,12.27,12.17,1632.32,1024,128,1782187122.43
tenant_A,226,65.77,11.91,11.82,1590.6,1024,128,1782187122.847
tenant_A,227,66.64,11.67,11.58,1560.93,1024,128,1782187123.593
tenant_A,228,65.01,11.76,11.67,1570.06,1024,128,1782187124.986
tenant_A,229,61.33,12.07,11.98,1606.44,1024,128,1782187125.426
tenant_A,230,66.32,12.14,12.05,1620.47,1024,128,1782187126.167
tenant_A,231,65.76,11.91,11.82,1590.82,1024,128,1782187126.576
tenant_A,232,68.22,11.66,11.57,1560.95,1024,128,1782187126.651
tenant_A,233,65.96,11.8,11.7,1575.84,1024,128,1782187127.466
tenant_A,234,68.25,11.86,11.77,1586.62,1024,128,1782187128.566
tenant_A,235,67.43,11.62,11.53,1555.39,1024,128,1782187128.687
tenant_A,236,63.09,11.34,11.25,1514.14,1024,128,1782187129.031
tenant_A,237,49.83,12.25,12.16,1617.96,1024,128,1782187130.575
tenant_A,238,60.71,13.22,13.12,1752.9,1024,128,1782187131.178
tenant_A,239,66.3,13.28,13.18,1766.29,1024,128,1782187131.429
tenant_A,240,65.44,13.33,13.22,1771.38,1024,128,1782187131.737
tenant_A,241,64.02,13.91,13.8,1844.63,1024,128,1782187132.07
tenant_A,242,75.54,14.23,14.12,1897.6,1024,128,1782187132.454
tenant_A,243,67.29,14.01,13.9,1860.06,1024,128,1782187132.54
tenant_A,244,68.81,13.78,13.67,1832.37,1024,128,1782187132.737
tenant_A,245,66.78,13.54,13.43,1799.34,1024,128,1782187132.864
tenant_A,246,69.02,13.31,13.2,1772.36,1024,128,1782187133.044
tenant_A,247,62.18,13.31,13.21,1765.82,1024,128,1782187133.187
tenant_A,248,68.8,13.11,13.01,1746.67,1024,128,1782187133.564
tenant_A,249,89.6,13.09,12.99,1765.09,1024,128,1782187133.599
tenant_A,250,92.31,12.84,12.74,1736.17,1024,128,1782187133.651
tenant_A,251,69.8,12.49,12.39,1668.33,1024,128,1782187134.044
tenant_A,252,62.83,12.44,12.35,1655.56,1024,128,1782187134.203
tenant_A,253,61.22,12.02,11.93,1599.58,1024,128,1782187134.891
tenant_A,254,66.13,11.65,11.56,1557.02,1024,128,1782187135.298
tenant_A,255,65.4,11.84,11.75,1580.88,1024,128,1782187135.735
tenant_A,256,62.52,12.1,12.0,1611.02,1024,128,1782187136.901
tenant_A,257,67.81,11.87,11.78,1587.71,1024,128,1782187137.086
tenant_A,258,65.41,11.63,11.54,1553.49,1024,128,1782187137.359
tenant_A,259,59.75,11.51,11.42,1532.89,1024,128,1782187138.36
tenant_A,260,63.95,11.52,11.43,1537.91,1024,128,1782187139.35
tenant_A,261,65.93,11.49,11.4,1536.27,1024,128,1782187139.968
tenant_A,262,67.04,11.44,11.35,1531.62,1024,128,1782187141.164
tenant_A,263,68.49,11.46,11.37,1534.95,1024,128,1782187142.307
tenant_A,264,64.74,11.45,11.36,1529.83,1024,128,1782187143.435
tenant_A,265,63.02,11.74,11.65,1566.24,1024,128,1782187144.572
tenant_A,266,61.34,12.03,11.93,1600.65,1024,128,1782187145.079
tenant_A,267,58.19,12.63,12.53,1674.61,1024,128,1782187145.793
tenant_A,268,59.92,12.68,12.58,1682.94,1024,128,1782187146.199
tenant_A,269,63.98,12.47,12.37,1660.01,1024,128,1782187146.546
tenant_A,270,63.85,12.24,12.14,1629.95,1024,128,1782187146.657
tenant_A,271,63.16,11.97,11.88,1595.45,1024,128,1782187147.174
tenant_A,272,97.78,11.73,11.64,1599.64,1024,128,1782187147.193
tenant_A,273,62.91,11.41,11.33,1523.88,1024,128,1782187147.538
tenant_A,274,50.0,12.58,12.48,1660.38,1024,128,1782187149.081
tenant_A,275,70.12,12.37,12.27,1653.1,1024,128,1782187149.193
tenant_A,276,69.25,12.89,12.79,1718.56,1024,128,1782187149.519
tenant_A,277,62.92,13.26,13.16,1760.82,1024,128,1782187150.085
tenant_A,278,67.08,13.05,12.95,1737.55,1024,128,1782187150.354
tenant_A,279,65.72,13.09,12.99,1740.8,1024,128,1782187150.676
tenant_A,280,59.22,12.93,12.83,1714.25,1024,128,1782187150.964
tenant_A,281,62.89,12.69,12.59,1686.79,1024,128,1782187151.038
tenant_A,282,67.03,12.43,12.33,1657.89,1024,128,1782187151.159
tenant_A,283,81.56,12.18,12.09,1641.05,1024,128,1782187151.199
tenant_A,284,67.47,11.92,11.83,1592.91,1024,128,1782187151.27
tenant_A,285,59.9,11.65,11.56,1551.61,1024,128,1782187152.18
tenant_A,286,60.37,11.54,11.45,1537.81,1024,128,1782187153.101
tenant_A,287,67.39,11.23,11.14,1504.95,1024,128,1782187153.717
tenant_A,288,50.48,13.28,13.18,1750.29,1024,128,1782187155.67
tenant_A,289,62.11,13.6,13.49,1802.88,1024,128,1782187155.823
tenant_A,290,62.86,13.37,13.27,1774.19,1024,128,1782187155.9
tenant_A,291,67.42,13.16,13.06,1751.88,1024,128,1782187156.122
tenant_A,292,66.22,12.93,12.83,1721.03,1024,128,1782187156.2
tenant_A,293,67.41,12.69,12.6,1692.26,1024,128,1782187156.693
tenant_A,294,108.63,12.13,12.04,1661.53,1024,128,1782187156.862
tenant_A,295,108.65,12.13,12.04,1661.59,1024,128,1782187156.862
tenant_A,296,64.11,12.04,11.94,1604.6,1024,128,1782187157.445
tenant_A,297,96.11,11.78,11.69,1604.27,1024,128,1782187157.456
tenant_A,298,68.55,11.5,11.41,1540.19,1024,128,1782187158.531
tenant_A,299,68.65,11.51,11.42,1542.34,1024,128,1782187159.683
tenant_A,300,69.93,12.01,11.92,1607.48,1024,128,1782187160.222
tenant_A,301,65.59,12.69,12.59,1690.2,1024,128,1782187161.313
tenant_A,302,65.73,12.47,12.37,1661.59,1024,128,1782187161.515
tenant_A,303,63.96,12.48,12.39,1661.98,1024,128,1782187161.754
tenant_A,304,60.27,12.79,12.69,1697.1,1024,128,1782187162.282
tenant_A,305,67.04,12.55,12.45,1673.57,1024,128,1782187162.468
tenant_A,306,66.72,12.31,12.21,1641.95,1024,128,1782187162.592
tenant_A,307,66.16,12.22,12.12,1629.83,1024,128,1782187163.256
tenant_A,308,68.99,12.2,12.1,1630.44,1024,128,1782187163.493
tenant_A,309,61.05,11.95,11.86,1591.01,1024,128,1782187163.613
tenant_A,310,70.51,12.73,12.63,1699.83,1024,128,1782187164.734
tenant_A,311,63.48,12.76,12.66,1696.47,1024,128,1782187165.06
tenant_A,312,75.32,12.53,12.43,1678.88,1024,128,1782187165.529
tenant_A,313,59.43,12.3,12.2,1633.59,1024,128,1782187165.667
tenant_A,314,74.46,12.05,11.96,1616.78,1024,128,1782187165.707
tenant_A,315,66.4,12.24,12.14,1633.1,1024,128,1782187166.093
tenant_A,316,62.97,12.18,12.08,1621.69,1024,128,1782187166.528
tenant_A,317,66.98,12.66,12.56,1687.6,1024,128,1782187167.605
tenant_A,318,91.95,12.41,12.32,1680.81,1024,128,1782187167.623
tenant_A,319,65.46,12.19,12.1,1626.0,1024,128,1782187168.014
tenant_A,320,61.42,12.45,12.36,1655.49,1024,128,1782187168.612
tenant_A,321,64.54,12.22,12.13,1628.74,1024,128,1782187168.675
tenant_A,322,63.74,11.93,11.84,1590.84,1024,128,1782187169.228
tenant_A,323,64.53,11.61,11.52,1550.85,1024,128,1782187170.088
tenant_A,324,101.56,11.35,11.26,1554.03,1024,128,1782187170.095
tenant_A,325,48.99,11.65,11.56,1539.75,1024,128,1782187171.681
tenant_A,326,59.78,11.8,11.71,1570.19,1024,128,1782187172.71
tenant_A,327,63.9,11.81,11.72,1575.74,1024,128,1782187173.157
tenant_A,328,67.51,12.09,12.0,1614.92,1024,128,1782187173.832
tenant_A,329,66.44,11.87,11.78,1585.79,1024,128,1782187174.424
tenant_A,330,67.06,12.14,12.05,1621.22,1024,128,1782187174.991
tenant_A,331,67.93,12.39,12.29,1653.92,1024,128,1782187175.285
tenant_A,332,68.95,12.18,12.09,1628.49,1024,128,1782187175.982
tenant_A,333,67.4,12.19,12.09,1627.39,1024,128,1782187176.232
tenant_A,334,65.94,12.46,12.36,1660.49,1024,128,1782187176.635
tenant_A,335,66.84,12.23,12.13,1631.98,1024,128,1782187176.768
tenant_A,336,58.99,12.19,12.09,1619.04,1024,128,1782187177.753
tenant_A,337,69.83,12.67,12.58,1692.01,1024,128,1782187178.132
tenant_A,338,69.0,12.4,12.31,1656.71,1024,128,1782187178.19
tenant_A,339,61.68,12.46,12.36,1656.52,1024,128,1782187179.09
tenant_A,340,61.2,12.47,12.37,1657.23,1024,128,1782187179.397
tenant_A,341,60.42,12.24,12.14,1626.62,1024,128,1782187179.486
tenant_A,342,70.2,11.99,11.9,1604.69,1024,128,1782187179.542
tenant_A,343,61.66,12.2,12.1,1622.92,1024,128,1782187180.325
tenant_A,344,59.33,12.42,12.33,1649.48,1024,128,1782187180.948
tenant_A,345,70.28,12.2,12.11,1632.02,1024,128,1782187181.233
tenant_A,346,63.54,11.95,11.86,1593.68,1024,128,1782187181.386
tenant_A,347,68.28,12.15,12.05,1623.03,1024,128,1782187181.966
tenant_A,348,65.72,11.88,11.79,1586.42,1024,128,1782187182.52
tenant_A,349,65.9,11.6,11.51,1550.6,1024,128,1782187183.068
tenant_A,350,60.75,11.85,11.75,1577.1,1024,128,1782187183.482
tenant_A,351,107.93,12.1,12.0,1656.57,1024,128,1782187184.904
tenant_A,352,96.93,12.1,12.01,1645.62,1024,128,1782187184.915
tenant_A,353,65.97,12.4,12.3,1652.61,1024,128,1782187185.831
tenant_A,354,62.89,12.16,12.07,1619.47,1024,128,1782187186.003
tenant_A,355,68.11,11.9,11.81,1591.79,1024,128,1782187186.352
tenant_A,356,70.35,12.46,12.37,1665.58,1024,128,1782187187.059
tenant_A,357,64.13,12.24,12.14,1630.25,1024,128,1782187187.28
tenant_A,358,60.45,12.24,12.15,1627.78,1024,128,1782187187.981
tenant_A,359,111.25,11.94,11.85,1639.73,1024,128,1782187188.427
tenant_A,360,107.16,11.94,11.85,1635.61,1024,128,1782187188.432
tenant_A,361,69.0,12.15,12.06,1624.61,1024,128,1782187189.261
tenant_A,362,63.0,12.36,12.27,1645.61,1024,128,1782187189.818
tenant_A,363,69.99,12.47,12.37,1665.63,1024,128,1782187190.663
tenant_A,364,92.19,12.22,12.12,1655.81,1024,128,1782187190.684
tenant_A,365,65.64,11.97,11.88,1597.79,1024,128,1782187191.064
tenant_A,366,73.65,11.72,11.63,1574.07,1024,128,1782187191.11
tenant_A,367,67.08,11.64,11.55,1556.52,1024,128,1782187191.622
tenant_A,368,60.06,11.74,11.65,1563.02,1024,128,1782187192.946
tenant_A,369,62.9,11.82,11.73,1576.18,1024,128,1782187193.617
tenant_A,370,67.22,11.58,11.49,1549.88,1024,128,1782187194.361
tenant_A,371,64.07,11.33,11.24,1514.09,1024,128,1782187194.497
tenant_A,372,49.41,12.77,12.67,1684.14,1024,128,1782187196.108
tenant_A,373,59.03,13.03,12.93,1726.51,1024,128,1782187196.745
tenant_A,374,59.78,13.29,13.19,1760.81,1024,128,1782187196.832
tenant_A,375,61.75,13.89,13.79,1840.27,1024,128,1782187197.274
tenant_A,376,65.67,13.68,13.57,1816.36,1024,128,1782187197.359
tenant_A,377,67.66,13.46,13.36,1790.66,1024,128,1782187197.62
tenant_A,378,70.6,13.2,13.1,1760.59,1024,128,1782187197.697
tenant_A,379,62.62,12.99,12.89,1724.94,1024,128,1782187197.899
tenant_A,380,63.76,12.66,12.57,1684.67,1024,128,1782187198.484
tenant_A,381,94.3,12.41,12.31,1682.18,1024,128,1782187198.498
tenant_A,382,67.82,12.15,12.05,1622.45,1024,128,1782187198.65
tenant_A,383,63.17,11.83,11.74,1577.92,1024,128,1782187198.922
tenant_A,384,63.48,11.56,11.47,1543.14,1024,128,1782187199.002
tenant_A,385,51.03,12.29,12.19,1623.85,1024,128,1782187201.243
tenant_A,386,63.99,12.61,12.51,1678.31,1024,128,1782187201.574
tenant_A,387,60.45,13.52,13.42,1791.29,1024,128,1782187202.199
tenant_A,388,94.08,13.28,13.18,1794.18,1024,128,1782187202.219
tenant_A,389,67.12,13.08,12.98,1741.64,1024,128,1782187202.509
tenant_A,390,67.81,13.13,13.03,1748.33,1024,128,1782187202.991
tenant_A,391,60.53,12.91,12.81,1713.53,1024,128,1782187203.156
tenant_A,392,69.5,12.67,12.57,1691.54,1024,128,1782187203.248
tenant_A,393,60.96,12.43,12.33,1651.75,1024,128,1782187203.381
tenant_A,394,68.64,12.15,12.06,1624.35,1024,128,1782187203.511
tenant_A,395,65.47,11.83,11.74,1580.2,1024,128,1782187203.851
tenant_A,396,62.84,11.41,11.32,1523.52,1024,128,1782187204.323
tenant_A,397,50.46,12.32,12.23,1627.72,1024,128,1782187206.248
tenant_A,398,58.9,12.12,12.02,1609.7,1024,128,1782187206.417
tenant_A,399,68.74,11.92,11.83,1594.97,1024,128,1782187206.949
tenant_A,400,67.32,11.68,11.59,1562.02,1024,128,1782187207.061
tenant_A,401,59.26,11.28,11.2,1503.51,1024,128,1782187207.758
tenant_A,402,50.51,12.36,12.27,1633.03,1024,128,1782187209.374
tenant_A,403,67.19,12.69,12.6,1692.0,1024,128,1782187209.68
tenant_A,404,69.88,12.48,12.38,1666.77,1024,128,1782187209.833
tenant_A,405,66.38,12.24,12.14,1632.92,1024,128,1782187209.994
tenant_A,406,69.72,12.21,12.11,1632.17,1024,128,1782187210.333
tenant_A,407,63.96,11.93,11.84,1591.14,1024,128,1782187211.019
tenant_A,408,68.53,11.67,11.58,1562.81,1024,128,1782187211.127
tenant_A,409,66.92,12.38,12.28,1651.46,1024,128,1782187211.853
tenant_A,410,66.17,12.75,12.65,1697.57,1024,128,1782187212.665
tenant_A,411,70.89,12.5,12.4,1671.0,1024,128,1782187212.714
tenant_A,412,64.37,12.28,12.18,1635.76,1024,128,1782187212.969
tenant_A,413,67.44,12.79,12.7,1705.11,1024,128,1782187213.088
tenant_A,414,63.86,12.57,12.47,1672.93,1024,128,1782187213.539
tenant_A,415,65.48,12.32,12.23,1642.93,1024,128,1782187213.777
tenant_A,416,70.79,12.23,12.14,1636.83,1024,128,1782187214.622
tenant_A,417,69.41,11.98,11.89,1603.18,1024,128,1782187214.679
tenant_A,418,99.53,11.71,11.62,1598.83,1024,128,1782187214.694
tenant_A,419,65.95,12.02,11.92,1604.13,1024,128,1782187215.822
tenant_A,420,62.97,12.17,12.07,1620.41,1024,128,1782187216.922
tenant_A,421,60.93,12.44,12.35,1653.86,1024,128,1782187217.205
tenant_A,422,70.2,12.2,12.11,1631.86,1024,128,1782187217.297
tenant_A,423,60.95,12.71,12.61,1687.75,1024,128,1782187217.717
tenant_A,424,69.28,13.72,13.62,1826.07,1024,128,1782187218.595
tenant_A,425,65.06,13.48,13.38,1790.97,1024,128,1782187218.666
tenant_A,426,63.87,13.29,13.18,1764.71,1024,128,1782187218.974
tenant_A,427,83.08,13.04,12.94,1751.97,1024,128,1782187219.01
tenant_A,428,63.84,12.8,12.7,1702.01,1024,128,1782187219.141
tenant_A,429,61.15,12.55,12.45,1667.01,1024,128,1782187219.397
tenant_A,430,132.7,11.96,11.86,1663.26,1024,128,1782187219.423
tenant_A,431,108.82,11.96,11.86,1639.39,1024,128,1782187219.447
tenant_A,432,61.86,11.55,11.46,1539.73,1024,128,1782187219.984
tenant_A,433,51.74,11.97,11.88,1583.82,1024,128,1782187222.224
tenant_A,434,63.0,12.41,12.32,1651.67,1024,128,1782187223.017
tenant_A,435,61.58,13.17,13.07,1747.55,1024,128,1782187223.207
tenant_A,436,62.64,13.0,12.9,1726.9,1024,128,1782187223.535
tenant_A,437,69.42,13.03,12.93,1737.72,1024,128,1782187223.929
tenant_A,438,63.96,12.89,12.79,1714.49,1024,128,1782187224.44
tenant_A,439,59.95,13.17,13.07,1745.87,1024,128,1782187224.661
tenant_A,440,70.24,12.94,12.84,1726.83,1024,128,1782187224.728
tenant_A,441,64.89,12.7,12.6,1689.96,1024,128,1782187224.834
tenant_A,442,100.5,12.68,12.59,1723.97,1024,128,1782187224.854
tenant_A,443,67.21,13.19,13.09,1755.28,1024,128,1782187225.458
tenant_A,444,66.03,12.93,12.83,1720.97,1024,128,1782187226.131
tenant_A,445,61.05,12.66,12.56,1681.48,1024,128,1782187226.298
tenant_A,446,66.36,12.39,12.3,1652.72,1024,128,1782187226.512
tenant_A,447,66.09,12.15,12.05,1621.1,1024,128,1782187226.612
tenant_A,448,62.1,11.88,11.79,1582.67,1024,128,1782187226.822
tenant_A,449,63.88,11.61,11.52,1550.25,1024,128,1782187226.921
tenant_A,450,51.21,12.01,11.92,1588.98,1024,128,1782187228.655
tenant_A,451,58.85,12.08,11.98,1604.52,1024,128,1782187228.936
tenant_A,452,59.7,12.16,12.07,1616.7,1024,128,1782187229.875
tenant_A,453,80.53,11.93,11.83,1606.98,1024,128,1782187229.908
tenant_A,454,70.67,12.14,12.04,1624.07,1024,128,1782187230.376
tenant_A,455,65.64,11.88,11.79,1586.46,1024,128,1782187231.252
tenant_A,456,62.13,12.36,12.26,1643.67,1024,128,1782187231.573
tenant_A,457,69.48,12.14,12.04,1622.77,1024,128,1782187231.768
tenant_A,458,59.38,13.61,13.51,1801.74,1024,128,1782187232.934
tenant_A,459,81.46,13.38,13.27,1793.5,1024,128,1782187232.965
tenant_A,460,65.11,13.15,13.05,1748.15,1024,128,1782187233.069
tenant_A,461,61.5,13.25,13.15,1757.22,1024,128,1782187233.634
tenant_A,462,59.39,13.04,12.94,1729.03,1024,128,1782187233.794
tenant_A,463,96.63,12.79,12.69,1733.61,1024,128,1782187233.812
tenant_A,464,90.09,12.53,12.43,1694.08,1024,128,1782187233.875
tenant_A,465,65.24,12.25,12.15,1632.68,1024,128,1782187234.085
tenant_A,466,63.33,11.99,11.9,1597.85,1024,128,1782187234.189
tenant_A,467,61.98,11.62,11.53,1549.75,1024,128,1782187235.082
tenant_A,468,61.52,11.46,11.37,1528.29,1024,128,1782187236.102
tenant_A,469,70.03,12.22,12.13,1634.26,1024,128,1782187237.332
tenant_A,470,69.29,12.7,12.61,1695.41,1024,128,1782187238.264
tenant_A,471,68.3,12.72,12.62,1696.03,1024,128,1782187238.386
tenant_A,472,68.72,12.51,12.41,1669.81,1024,128,1782187238.645
tenant_A,473,63.26,12.5,12.41,1663.68,1024,128,1782187238.762
tenant_A,474,68.61,12.27,12.17,1638.85,1024,128,1782187238.949
tenant_A,475,64.76,11.98,11.89,1598.81,1024,128,1782187239.667
tenant_A,476,64.33,11.67,11.57,1557.46,1024,128,1782187239.97
tenant_A,477,60.38,11.35,11.26,1512.83,1024,128,1782187240.295
tenant_A,478,51.52,12.87,12.77,1698.77,1024,128,1782187242.545
tenant_A,479,66.84,12.67,12.57,1688.22,1024,128,1782187242.66
tenant_A,480,62.81,12.81,12.71,1701.89,1024,128,1782187243.172
tenant_A,481,68.08,13.13,13.03,1748.95,1024,128,1782187243.668
tenant_A,482,68.1,13.12,13.02,1747.51,1024,128,1782187243.782
tenant_A,483,86.95,12.88,12.78,1734.99,1024,128,1782187243.806
tenant_A,484,71.77,12.61,12.52,1686.48,1024,128,1782187243.972
tenant_A,485,64.78,12.61,12.51,1678.67,1024,128,1782187244.463
tenant_A,486,60.29,12.29,12.2,1633.48,1024,128,1782187244.867
tenant_A,487,70.76,12.21,12.12,1633.71,1024,128,1782187245.31
tenant_A,488,65.21,11.95,11.86,1594.78,1024,128,1782187245.465
tenant_A,489,69.68,11.68,11.59,1565.29,1024,128,1782187245.63
tenant_A,490,61.97,12.06,11.97,1605.96,1024,128,1782187246.812
tenant_A,491,59.3,12.34,12.25,1639.4,1024,128,1782187247.278
tenant_A,492,58.9,12.15,12.05,1613.6,1024,128,1782187247.489
tenant_A,493,68.13,12.17,12.08,1625.97,1024,128,1782187248.049
tenant_A,494,60.65,12.66,12.56,1681.07,1024,128,1782187248.582
tenant_A,495,66.36,12.67,12.57,1687.62,1024,128,1782187248.827
tenant_A,496,62.29,12.46,12.36,1657.14,1024,128,1782187249.427
tenant_A,497,71.57,12.23,12.14,1637.42,1024,128,1782187250.025
tenant_A,498,60.99,11.99,11.9,1595.78,1024,128,1782187250.112
tenant_A,499,63.51,11.74,11.65,1566.8,1024,128,1782187250.164
tenant_A,500,59.44,11.44,11.35,1523.82,1024,128,1782187250.42
tenant_A,501,51.13,12.41,12.31,1639.69,1024,128,1782187252.483
tenant_A,502,66.42,12.2,12.11,1628.21,1024,128,1782187252.598
tenant_A,503,69.19,11.98,11.88,1602.14,1024,128,1782187252.728
tenant_A,504,63.03,12.23,12.13,1627.91,1024,128,1782187252.845
tenant_A,505,65.97,12.21,12.11,1628.5,1024,128,1782187253.637
tenant_A,506,64.14,11.93,11.84,1591.0,1024,128,1782187254.33
tenant_A,507,88.83,11.67,11.58,1582.26,1024,128,1782187254.361
tenant_A,508,60.97,11.65,11.56,1552.36,1024,128,1782187254.648
tenant_A,509,60.26,11.44,11.35,1524.57,1024,128,1782187256.003
tenant_A,510,69.01,11.52,11.43,1544.04,1024,128,1782187257.048
tenant_A,511,61.69,11.52,11.43,1536.41,1024,128,1782187257.597
tenant_A,512,69.06,12.72,12.62,1697.68,1024,128,1782187258.643
tenant_A,513,97.76,13.18,13.08,1785.43,1024,128,1782187259.475
tenant_A,514,108.45,13.19,13.08,1796.21,1024,128,1782187259.464
tenant_A,515,120.63,12.91,12.81,1773.19,1024,128,1782187259.511
tenant_A,516,64.57,12.88,12.78,1713.65,1024,128,1782187259.635
tenant_A,517,68.21,12.63,12.53,1684.86,1024,128,1782187259.709
tenant_A,518,69.01,12.58,12.48,1678.63,1024,128,1782187260.419
tenant_A,519,67.16,12.29,12.19,1639.94,1024,128,1782187260.654
tenant_A,520,60.63,12.04,11.94,1601.53,1024,128,1782187260.738
tenant_A,521,64.37,11.66,11.57,1556.71,1024,128,1782187261.284
tenant_A,522,66.16,11.63,11.54,1554.22,1024,128,1782187261.59
tenant_A,523,68.85,11.15,11.07,1496.47,1024,128,1782187262.915
tenant_A,524,50.4,11.74,11.65,1552.88,1024,128,1782187264.712
tenant_A,525,60.8,12.14,12.05,1614.72,1024,128,1782187265.259
tenant_A,526,63.83,12.71,12.61,1690.67,1024,128,1782187265.764
tenant_A,527,68.53,12.98,12.87,1729.39,1024,128,1782187266.391
tenant_A,528,77.73,12.74,12.64,1708.2,1024,128,1782187266.436
tenant_A,529,63.51,13.04,12.94,1732.59,1024,128,1782187267.035
tenant_A,530,68.25,12.81,12.71,1708.04,1024,128,1782187267.131
tenant_A,531,72.86,12.56,12.46,1680.13,1024,128,1782187267.194
tenant_A,532,64.12,12.54,12.44,1669.37,1024,128,1782187267.954
tenant_A,533,70.16,12.29,12.19,1643.24,1024,128,1782187268.026
tenant_A,534,62.68,12.0,11.91,1598.98,1024,128,1782187268.542
tenant_A,535,66.78,11.74,11.65,1569.03,1024,128,1782187268.606
tenant_A,536,63.67,11.33,11.24,1514.13,1024,128,1782187269.199
tenant_A,537,52.21,11.79,11.7,1561.09,1024,128,1782187272.608
tenant_A,538,67.63,11.84,11.75,1582.93,1024,128,1782187273.016
tenant_A,539,64.19,11.6,11.51,1548.7,1024,128,1782187273.346
tenant_A,540,62.67,11.52,11.43,1536.62,1024,128,1782187274.444
tenant_A,541,63.92,11.79,11.7,1572.71,1024,128,1782187275.062
tenant_A,542,61.16,11.57,11.48,1542.1,1024,128,1782187276.128
tenant_A,543,69.39,11.32,11.23,1517.99,1024,128,1782187276.197
tenant_A,544,50.93,12.02,11.93,1589.58,1024,128,1782187278.545
tenant_A,545,59.32,12.42,12.33,1649.36,1024,128,1782187279.251
tenant_A,546,62.86,12.19,12.1,1623.38,1024,128,1782187279.369
tenant_A,547,61.48,11.95,11.86,1590.98,1024,128,1782187279.424
tenant_A,548,59.55,11.89,11.8,1581.14,1024,128,1782187280.253
tenant_A,549,68.01,11.63,11.54,1556.29,1024,128,1782187280.46
tenant_A,550,70.13,11.8,11.71,1580.65,1024,128,1782187281.533
tenant_A,551,68.51,12.32,12.22,1644.88,1024,128,1782187282.056
tenant_A,552,62.16,12.44,12.35,1655.05,1024,128,1782187282.912
tenant_A,553,61.54,12.24,12.15,1628.64,1024,128,1782187283.424
tenant_A,554,101.18,11.98,11.89,1634.85,1024,128,1782187283.429
tenant_A,555,65.61,11.72,11.63,1566.35,1024,128,1782187283.6
tenant_A,556,63.43,11.65,11.56,1554.83,1024,128,1782187284.039
tenant_A,557,60.8,12.01,11.92,1598.66,1024,128,1782187285.292
tenant_A,558,66.85,12.67,12.57,1688.15,1024,128,1782187285.994
tenant_A,559,67.8,12.68,12.58,1691.11,1024,128,1782187286.218
tenant_A,560,60.56,12.73,12.64,1690.54,1024,128,1782187286.691
tenant_A,561,67.04,12.74,12.64,1698.06,1024,128,1782187286.888
tenant_A,562,62.66,12.76,12.66,1695.87,1024,128,1782187287.235
tenant_A,563,99.64,12.51,12.41,1700.58,1024,128,1782187287.242
tenant_A,564,69.25,12.5,12.4,1668.97,1024,128,1782187287.827
tenant_A,565,61.83,12.49,12.39,1660.7,1024,128,1782187288.097
tenant_A,566,60.09,12.24,12.15,1627.2,1024,128,1782187288.479
tenant_A,567,67.44,11.98,11.89,1601.23,1024,128,1782187288.7
tenant_A,568,66.74,11.69,11.6,1563.03,1024,128,1782187289.011
tenant_A,569,68.2,11.6,11.51,1552.89,1024,128,1782187289.62
tenant_A,570,65.7,11.69,11.6,1561.93,1024,128,1782187290.571
tenant_A,571,62.97,12.04,11.94,1603.87,1024,128,1782187291.71
tenant_A,572,62.9,12.07,11.97,1607.28,1024,128,1782187292.07
tenant_A,573,67.69,12.13,12.04,1620.92,1024,128,1782187292.687
tenant_A,574,68.01,12.13,12.04,1620.87,1024,128,1782187293.187
tenant_A,575,61.28,12.16,12.07,1618.33,1024,128,1782187293.488
tenant_A,576,61.98,11.92,11.83,1587.74,1024,128,1782187293.782
tenant_A,577,69.14,12.16,12.06,1625.29,1024,128,1782187294.727
tenant_A,578,64.5,11.91,11.82,1589.61,1024,128,1782187294.798
tenant_A,579,69.92,11.89,11.8,1592.06,1024,128,1782187295.387
tenant_A,580,69.36,11.84,11.75,1584.59,1024,128,1782187295.866
tenant_A,581,68.76,12.65,12.55,1687.39,1024,128,1782187296.404
tenant_A,582,63.96,12.89,12.79,1714.04,1024,128,1782187297.375
tenant_A,583,62.99,12.68,12.58,1686.12,1024,128,1782187297.601
tenant_A,584,60.84,12.45,12.35,1653.87,1024,128,1782187297.691
tenant_A,585,109.29,11.89,11.8,1630.95,1024,128,1782187297.783
tenant_A,586,109.34,11.89,11.8,1631.02,1024,128,1782187297.783
tenant_A,587,63.82,11.8,11.7,1573.76,1024,128,1782187298.255
tenant_A,588,60.41,12.64,12.55,1678.86,1024,128,1782187299.585
tenant_A,589,65.03,13.04,12.94,1734.35,1024,128,1782187300.107
tenant_A,590,98.45,12.77,12.67,1732.74,1024,128,1782187300.12
tenant_A,591,67.31,13.07,12.97,1740.02,1024,128,1782187300.436
tenant_A,592,64.03,13.1,13.0,1740.44,1024,128,1782187300.725
tenant_A,593,67.02,12.91,12.81,1719.61,1024,128,1782187301.031
tenant_A,594,68.46,12.66,12.56,1688.45,1024,128,1782187301.26
tenant_A,595,60.87,12.4,12.31,1648.66,1024,128,1782187301.45
tenant_A,596,72.36,12.35,12.25,1652.83,1024,128,1782187301.822
tenant_A,597,100.53,12.1,12.01,1649.61,1024,128,1782187301.848
tenant_A,598,67.28,11.77,11.67,1573.25,1024,128,1782187302.221
tenant_A,599,66.84,12.36,12.27,1649.07,1024,128,1782187303.13
tenant_A,600,60.2,12.92,12.82,1714.29,1024,128,1782187303.786
tenant_A,601,62.69,12.93,12.83,1717.43,1024,128,1782187303.871
tenant_A,602,59.23,12.96,12.86,1718.0,1024,128,1782187303.984
tenant_A,603,61.02,12.81,12.71,1701.25,1024,128,1782187304.706
tenant_A,604,66.66,12.57,12.48,1676.18,1024,128,1782187304.789
tenant_A,605,68.83,12.33,12.24,1647.44,1024,128,1782187304.945
tenant_A,606,60.25,13.04,12.94,1728.97,1024,128,1782187305.38
tenant_A,607,65.04,12.8,12.7,1703.51,1024,128,1782187305.511
tenant_A,608,72.59,12.56,12.47,1680.82,1024,128,1782187305.557
tenant_A,609,68.66,13.04,12.94,1737.4,1024,128,1782187306.6
tenant_A,610,64.63,12.83,12.73,1707.04,1024,128,1782187306.855
tenant_A,611,61.15,12.85,12.75,1705.68,1024,128,1782187306.947
tenant_A,612,60.71,12.6,12.5,1673.82,1024,128,1782187307.049
tenant_A,613,68.93,13.37,13.27,1780.42,1024,128,1782187307.721
tenant_A,614,63.16,13.16,13.05,1747.23,1024,128,1782187307.85
tenant_A,615,65.23,12.88,12.78,1714.45,1024,128,1782187308.118
tenant_A,616,69.29,12.59,12.49,1680.43,1024,128,1782187308.534
tenant_A,617,64.59,12.33,12.24,1643.37,1024,128,1782187308.85
tenant_A,618,62.71,12.09,11.99,1609.59,1024,128,1782187309.009
tenant_A,619,61.99,11.84,11.75,1577.93,1024,128,1782187309.087
tenant_A,620,62.39,11.47,11.38,1531.05,1024,128,1782187309.403
tenant_A,621,50.32,11.73,11.64,1551.26,1024,128,1782187311.359
tenant_A,622,59.38,11.56,11.47,1539.54,1024,128,1782187312.065
tenant_A,623,65.71,11.28,11.19,1509.15,1024,128,1782187312.465
tenant_A,624,49.55,12.65,12.55,1668.37,1024,128,1782187313.984
tenant_A,625,61.2,12.43,12.33,1652.37,1024,128,1782187314.069
tenant_A,626,66.98,12.45,12.35,1660.22,1024,128,1782187314.311
tenant_A,627,63.84,12.74,12.64,1694.78,1024,128,1782187314.884
tenant_A,628,98.98,12.49,12.39,1697.7,1024,128,1782187314.893
tenant_A,629,64.68,12.24,12.15,1631.73,1024,128,1782187315.26
tenant_A,630,60.65,12.96,12.86,1720.0,1024,128,1782187315.911
tenant_A,631,60.8,13.0,12.9,1724.92,1024,128,1782187316.207
tenant_A,632,64.03,12.78,12.68,1699.55,1024,128,1782187316.316
tenant_A,633,62.69,13.14,13.04,1744.91,1024,128,1782187316.893
tenant_A,634,66.92,13.14,13.03,1748.24,1024,128,1782187317.069
tenant_A,635,70.98,12.93,12.83,1725.55,1024,128,1782187317.247
tenant_A,636,65.8,12.67,12.58,1688.17,1024,128,1782187317.481
tenant_A,637,69.94,12.41,12.31,1658.05,1024,128,1782187317.743
tenant_A,638,70.1,12.11,12.02,1620.46,1024,128,1782187318.022
tenant_A,639,70.32,11.84,11.75,1586.43,1024,128,1782187318.09
tenant_A,640,67.96,11.41,11.32,1527.94,1024,128,1782187318.608
tenant_A,641,51.27,12.04,11.94,1591.89,1024,128,1782187321.124
tenant_A,642,60.69,12.43,12.34,1652.14,1024,128,1782187321.806
tenant_A,643,65.07,12.18,12.08,1623.69,1024,128,1782187321.869
tenant_A,644,61.42,11.94,11.85,1590.34,1024,128,1782187322.145
tenant_A,645,66.12,12.15,12.06,1621.37,1024,128,1782187323.025
tenant_A,646,68.27,12.15,12.05,1622.99,1024,128,1782187323.261
tenant_A,647,59.83,12.14,12.04,1613.25,1024,128,1782187323.715
tenant_A,648,60.79,12.43,12.34,1652.18,1024,128,1782187324.48
tenant_A,649,69.71,12.43,12.34,1661.26,1024,128,1782187324.721
tenant_A,650,59.99,12.22,12.13,1624.29,1024,128,1782187325.233
tenant_A,651,65.47,11.98,11.89,1598.81,1024,128,1782187325.408
tenant_A,652,71.88,11.94,11.84,1599.7,1024,128,1782187325.908
tenant_A,653,68.25,11.66,11.56,1560.1,1024,128,1782187326.221
tenant_A,654,61.32,11.78,11.69,1569.15,1024,128,1782187327.112
tenant_A,655,68.85,12.33,12.23,1646.98,1024,128,1782187328.123
tenant_A,656,68.6,12.12,12.02,1619.64,1024,128,1782187328.348
tenant_A,657,63.63,12.67,12.58,1685.84,1024,128,1782187329.24
tenant_A,658,64.94,12.44,12.34,1657.29,1024,128,1782187329.337
tenant_A,659,61.65,12.2,12.1,1622.96,1024,128,1782187329.626
tenant_A,660,71.37,11.93,11.84,1598.19,1024,128,1782187330.559
tenant_A,661,64.5,11.69,11.6,1560.27,1024,128,1782187330.654
tenant_A,662,68.81,11.43,11.35,1532.34,1024,128,1782187330.715
tenant_A,663,50.06,13.23,13.13,1744.06,1024,128,1782187332.498
tenant_A,664,63.86,13.1,12.99,1740.02,1024,128,1782187332.783
tenant_A,665,74.11,12.85,12.75,1718.69,1024,128,1782187332.829
tenant_A,666,67.88,12.62,12.52,1683.21,1024,128,1782187333.026
tenant_A,667,70.43,12.37,12.28,1654.16,1024,128,1782187333.102
tenant_A,668,85.81,12.12,12.03,1637.4,1024,128,1782187333.141
tenant_A,669,61.06,12.01,11.92,1598.57,1024,128,1782187333.701
tenant_A,670,62.55,11.7,11.61,1560.55,1024,128,1782187334.001
tenant_A,671,71.05,11.72,11.63,1570.74,1024,128,1782187335.205
tenant_A,672,59.79,12.38,12.28,1643.8,1024,128,1782187336.239
tenant_A,673,62.99,12.16,12.06,1619.09,1024,128,1782187336.344
tenant_A,674,63.3,12.44,12.34,1655.19,1024,128,1782187336.878
tenant_A,675,66.69,12.21,12.12,1629.93,1024,128,1782187337.042
tenant_A,676,69.94,11.96,11.87,1600.72,1024,128,1782187337.347
tenant_A,677,69.36,11.62,11.53,1557.11,1024,128,1782187338.108
tenant_A,678,65.0,11.32,11.23,1513.75,1024,128,1782187338.398
tenant_A,679,51.05,12.1,12.01,1600.23,1024,128,1782187340.794
tenant_A,680,67.0,11.9,11.81,1590.14,1024,128,1782187341.021
tenant_A,681,65.24,11.89,11.79,1586.6,1024,128,1782187341.213
tenant_A,682,67.86,11.64,11.55,1558.02,1024,128,1782187341.493
tenant_A,683,58.54,12.56,12.47,1666.73,1024,128,1782187342.729
tenant_A,684,64.17,12.46,12.36,1658.8,1024,128,1782187343.364
tenant_A,685,92.8,12.21,12.12,1655.68,1024,128,1782187343.39
tenant_A,686,62.56,12.21,12.12,1625.87,1024,128,1782187343.6
tenant_A,687,66.03,11.97,11.87,1597.65,1024,128,1782187343.789
tenant_A,688,63.08,11.65,11.56,1554.69,1024,128,1782187344.31
tenant_A,689,64.83,11.23,11.14,1501.98,1024,128,1782187345.068
tenant_A,690,50.94,12.26,12.17,1620.33,1024,128,1782187348.045
tenant_A,691,68.54,12.06,11.97,1612.15,1024,128,1782187348.227
tenant_A,692,63.26,12.65,12.55,1682.54,1024,128,1782187349.275
tenant_A,693,80.33,12.42,12.32,1669.84,1024,128,1782187349.311
tenant_A,694,65.53,12.42,12.32,1655.27,1024,128,1782187349.483
tenant_A,695,62.81,12.74,12.64,1693.2,1024,128,1782187350.541
tenant_A,696,66.18,12.74,12.64,1696.72,1024,128,1782187350.639
tenant_A,697,65.64,12.5,12.4,1665.81,1024,128,1782187350.821
tenant_A,698,62.41,12.25,12.16,1630.97,1024,128,1782187351.076
tenant_A,699,70.57,11.99,11.9,1605.85,1024,128,1782187351.342
tenant_A,700,70.18,11.66,11.57,1563.28,1024,128,1782187352.068
tenant_A,701,70.77,11.61,11.52,1556.63,1024,128,1782187352.241
tenant_A,702,65.42,11.68,11.59,1560.22,1024,128,1782187353.606
tenant_A,703,60.82,12.39,12.29,1646.43,1024,128,1782187354.63
tenant_A,704,67.28,12.44,12.34,1659.31,1024,128,1782187355.053
tenant_A,705,67.01,12.45,12.35,1660.79,1024,128,1782187355.164
tenant_A,706,67.27,12.23,12.13,1632.18,1024,128,1782187355.321
tenant_A,707,67.17,12.23,12.13,1632.06,1024,128,1782187355.478
tenant_A,708,67.28,12.83,12.73,1709.57,1024,128,1782187356.459
tenant_A,709,70.21,13.09,12.99,1745.88,1024,128,1782187356.731
tenant_A,710,68.55,12.88,12.78,1716.61,1024,128,1782187356.948
tenant_A,711,63.7,12.64,12.54,1681.49,1024,128,1782187357.088
tenant_A,712,75.09,12.37,12.28,1658.79,1024,128,1782187357.134
tenant_A,713,61.94,12.11,12.02,1612.47,1024,128,1782187357.399
tenant_A,714,70.09,11.68,11.59,1565.41,1024,128,1782187358.162
tenant_A,715,63.15,11.6,11.51,1547.7,1024,128,1782187358.402
tenant_A,716,65.7,12.5,12.4,1665.15,1024,128,1782187359.758
tenant_A,717,64.59,13.51,13.41,1794.06,1024,128,1782187360.576
tenant_A,718,60.23,13.31,13.2,1763.57,1024,128,1782187360.737
tenant_A,719,69.76,13.1,13.0,1747.13,1024,128,1782187360.977
tenant_A,720,64.07,12.9,12.8,1715.6,1024,128,1782187361.175
tenant_A,721,96.84,12.66,12.56,1717.1,1024,128,1782187361.197
tenant_A,722,65.82,12.41,12.32,1654.6,1024,128,1782187361.444
tenant_A,723,71.75,12.05,11.96,1614.67,1024,128,1782187362.024
tenant_A,724,63.53,12.01,11.92,1601.35,1024,128,1782187362.193
tenant_A,725,70.55,11.75,11.66,1574.6,1024,128,1782187362.3
tenant_A,726,61.38,11.51,11.42,1535.07,1024,128,1782187363.733
tenant_A,727,68.23,11.26,11.17,1509.56,1024,128,1782187364.061
tenant_A,728,50.23,12.9,12.8,1701.17,1024,128,1782187365.878
tenant_A,729,63.51,12.89,12.79,1712.89,1024,128,1782187366.343
tenant_A,730,80.75,12.65,12.56,1700.51,1024,128,1782187366.379
tenant_A,731,60.92,12.43,12.34,1652.22,1024,128,1782187366.67
tenant_A,732,69.89,12.42,12.33,1659.97,1024,128,1782187366.866
tenant_A,733,95.03,12.18,12.08,1653.63,1024,128,1782187366.884
tenant_A,734,66.53,11.75,11.66,1570.95,1024,128,1782187367.513
tenant_A,735,67.21,11.74,11.65,1569.52,1024,128,1782187368.354
tenant_A,736,65.62,11.55,11.46,1543.81,1024,128,1782187369.575
tenant_A,737,65.31,11.29,11.2,1510.3,1024,128,1782187369.731
tenant_A,738,49.94,11.97,11.88,1582.19,1024,128,1782187371.498
tenant_A,739,69.32,11.81,11.72,1580.87,1024,128,1782187371.914
tenant_A,740,61.92,11.59,11.5,1544.86,1024,128,1782187372.678
tenant_A,741,70.3,11.57,11.48,1551.12,1024,128,1782187372.987
tenant_A,742,64.8,12.33,12.24,1643.56,1024,128,1782187374.233
tenant_A,743,68.98,12.39,12.29,1654.66,1024,128,1782187374.577
tenant_A,744,68.67,12.22,12.12,1632.65,1024,128,1782187375.063
tenant_A,745,67.89,11.98,11.89,1601.34,1024,128,1782187375.174
tenant_A,746,68.96,11.74,11.64,1571.12,1024,128,1782187375.25
tenant_A,747,64.45,11.86,11.77,1582.74,1024,128,1782187376.12
tenant_A,748,60.09,12.11,12.02,1610.23,1024,128,1782187376.925
tenant_A,749,61.06,11.89,11.8,1582.99,1024,128,1782187377.296
tenant_A,750,65.41,11.62,11.53,1552.16,1024,128,1782187377.713
tenant_A,751,67.24,11.58,11.49,1549.31,1024,128,1782187378.166
tenant_A,752,64.77,11.96,11.87,1595.38,1024,128,1782187379.354
tenant_A,753,64.89,12.41,12.32,1653.94,1024,128,1782187380.353
tenant_A,754,60.53,12.41,12.32,1649.64,1024,128,1782187380.41
tenant_A,755,64.29,12.2,12.11,1625.9,1024,128,1782187380.862
tenant_A,756,59.08,11.96,11.87,1590.58,1024,128,1782187381.047
tenant_A,757,60.64,11.66,11.57,1552.53,1024,128,1782187381.631
tenant_A,758,63.45,11.33,11.25,1514.2,1024,128,1782187381.984
tenant_A,759,50.58,11.73,11.64,1552.27,1024,128,1782187384.117
tenant_A,760,59.84,11.54,11.45,1537.4,1024,128,1782187384.643
tenant_A,761,59.64,11.48,11.39,1529.09,1024,128,1782187385.482
tenant_A,762,65.55,11.16,11.07,1494.18,1024,128,1782187386.649
tenant_A,763,49.93,13.21,13.11,1740.56,1024,128,1782187388.161
tenant_A,764,65.01,12.99,12.89,1727.94,1024,128,1782187388.232
tenant_A,765,66.23,12.84,12.74,1710.08,1024,128,1782187388.501
tenant_A,766,63.81,12.92,12.82,1718.01,1024,128,1782187388.914
tenant_A,767,59.01,12.97,12.87,1719.1,1024,128,1782187389.25
tenant_A,768,62.7,12.73,12.63,1691.54,1024,128,1782187389.312
tenant_A,769,87.52,12.47,12.37,1683.36,1024,128,1782187389.343
tenant_A,770,64.84,12.12,12.02,1615.86,1024,128,1782187389.824
tenant_A,771,60.19,11.77,11.68,1566.6,1024,128,1782187390.284
tenant_A,772,66.5,11.64,11.55,1556.33,1024,128,1782187390.619
tenant_A,773,64.23,12.3,12.21,1639.03,1024,128,1782187391.826
tenant_A,774,58.1,12.64,12.54,1675.85,1024,128,1782187392.316
tenant_A,775,61.4,12.8,12.7,1700.15,1024,128,1782187392.912
tenant_A,776,91.02,12.55,12.45,1697.39,1024,128,1782187392.938
tenant_A,777,67.78,12.31,12.21,1643.24,1024,128,1782187393.165
tenant_A,778,59.87,12.06,11.97,1603.87,1024,128,1782187393.446
tenant_A,779,64.02,11.78,11.69,1572.19,1024,128,1782187393.763
tenant_A,780,68.02,11.48,11.39,1537.81,1024,128,1782187393.976
tenant_A,781,49.56,11.45,11.36,1515.45,1024,128,1782187395.567
tenant_A,782,67.68,11.53,11.44,1543.72,1024,128,1782187396.275
tenant_A,783,64.91,11.21,11.12,1499.79,1024,128,1782187397.103
tenant_A,784,49.4,12.57,12.47,1658.26,1024,128,1782187398.693
tenant_A,785,61.79,13.48,13.38,1787.19,1024,128,1782187398.991
tenant_A,786,66.04,13.29,13.19,1767.22,1024,128,1782187399.211
tenant_A,787,59.66,13.13,13.03,1740.52,1024,128,1782187399.673
tenant_A,788,59.89,12.98,12.88,1721.01,1024,128,1782187400.049
tenant_A,789,62.98,12.73,12.63,1692.32,1024,128,1782187400.123
tenant_A,790,68.51,12.48,12.38,1666.02,1024,128,1782187400.358
tenant_A,791,67.81,12.22,12.13,1632.6,1024,128,1782187400.541
tenant_A,792,118.42,11.65,11.56,1609.85,1024,128,1782187400.587
tenant_A,793,108.8,11.65,11.56,1600.27,1024,128,1782187400.596
tenant_A,794,49.54,11.44,11.35,1513.42,1024,128,1782187402.436
tenant_A,795,65.82,11.19,11.1,1498.2,1024,128,1782187403.415
tenant_A,796,50.43,12.62,12.52,1665.45,1024,128,1782187405.353
tenant_A,797,79.59,12.37,12.27,1662.8,1024,128,1782187405.379
tenant_A,798,59.01,12.16,12.07,1616.05,1024,128,1782187405.634
tenant_A,799,61.1,11.93,11.84,1588.5,1024,128,1782187406.546
tenant_A,800,59.88,11.68,11.59,1555.26,1024,128,1782187406.647
tenant_A,801,64.77,11.63,11.54,1553.34,1024,128,1782187406.802
tenant_A,802,69.82,11.43,11.35,1533.37,1024,128,1782187408.274
tenant_A,803,68.88,11.53,11.44,1545.13,1024,128,1782187409.135
tenant_A,804,67.35,11.51,11.42,1540.75,1024,128,1782187409.793
tenant_A,805,59.67,11.18,11.1,1491.07,1024,128,1782187410.773
tenant_A,806,50.05,11.46,11.37,1516.66,1024,128,1782187412.273
tenant_A,807,69.17,11.73,11.64,1571.0,1024,128,1782187412.89
tenant_A,808,63.0,12.05,11.96,1605.98,1024,128,1782187414.014
tenant_A,809,66.72,12.1,12.01,1615.39,1024,128,1782187414.279
tenant_A,810,69.13,12.16,12.06,1625.41,1024,128,1782187414.934
tenant_A,811,62.4,12.17,12.08,1620.37,1024,128,1782187415.546
tenant_A,812,93.88,11.94,11.84,1621.89,1024,128,1782187415.567
tenant_A,813,60.86,11.91,11.82,1585.3,1024,128,1782187416.162
tenant_A,814,66.85,12.41,12.32,1655.79,1024,128,1782187416.844
tenant_A,815,59.11,12.43,12.33,1650.27,1024,128,1782187417.285
tenant_A,816,59.78,12.48,12.38,1657.23,1024,128,1782187417.797
tenant_A,817,88.22,12.24,12.14,1654.39,1024,128,1782187417.823
tenant_A,818,70.53,12.2,12.11,1632.4,1024,128,1782187418.138
tenant_A,819,64.13,12.21,12.11,1626.79,1024,128,1782187418.488
tenant_A,820,70.09,11.9,11.81,1593.66,1024,128,1782187419.314
tenant_A,821,62.64,11.64,11.55,1552.56,1024,128,1782187419.696
tenant_A,822,66.08,11.38,11.29,1522.58,1024,128,1782187419.793
tenant_A,823,51.55,11.8,11.71,1562.21,1024,128,1782187421.701
tenant_A,824,61.76,11.59,11.5,1545.78,1024,128,1782187421.877
tenant_A,825,63.74,11.31,11.22,1511.63,1024,128,1782187422.382
tenant_A,826,50.74,11.85,11.75,1567.03,1024,128,1782187424.069
tenant_A,827,60.92,11.6,11.51,1545.7,1024,128,1782187424.113
tenant_A,828,64.7,11.86,11.77,1583.33,1024,128,1782187424.766
tenant_A,829,59.36,12.13,12.04,1611.91,1024,128,1782187425.742
tenant_A,830,71.29,12.14,12.04,1625.0,1024,128,1782187426.012
tenant_A,831,61.35,12.14,12.05,1615.56,1024,128,1782187426.385
tenant_A,832,66.91,12.4,12.31,1654.59,1024,128,1782187426.892
tenant_A,833,63.28,12.99,12.89,1725.84,1024,128,1782187427.481
tenant_A,834,64.06,12.82,12.72,1705.04,1024,128,1782187427.809
tenant_A,835,63.96,12.84,12.74,1707.82,1024,128,1782187428.104
tenant_A,836,64.66,12.62,12.52,1680.15,1024,128,1782187428.458
tenant_A,837,61.09,12.37,12.28,1644.64,1024,128,1782187428.528
tenant_A,838,100.71,12.11,12.02,1651.0,1024,128,1782187428.533
tenant_A,839,69.71,12.08,11.99,1616.29,1024,128,1782187428.735
tenant_A,840,67.88,12.42,12.32,1657.16,1024,128,1782187429.732
tenant_A,841,64.44,12.17,12.08,1622.48,1024,128,1782187430.241
tenant_A,842,64.23,11.95,11.86,1593.78,1024,128,1782187430.511
tenant_A,843,61.78,11.69,11.6,1558.69,1024,128,1782187430.716
tenant_A,844,61.44,11.4,11.31,1520.61,1024,128,1782187430.979
tenant_A,845,52.07,13.3,13.2,1754.25,1024,128,1782187433.108
tenant_A,846,69.9,13.06,12.95,1741.05,1024,128,1782187433.144
tenant_A,847,61.51,12.85,12.75,1706.73,1024,128,1782187433.286
tenant_A,848,89.7,12.61,12.51,1703.83,1024,128,1782187433.312
tenant_A,849,72.92,12.36,12.26,1654.51,1024,128,1782187433.396
tenant_A,850,61.73,12.09,12.0,1609.24,1024,128,1782187433.901
tenant_A,851,68.21,11.83,11.74,1582.04,1024,128,1782187433.95
tenant_A,852,65.04,11.45,11.36,1531.0,1024,128,1782187434.371
tenant_A,853,50.26,12.66,12.57,1671.22,1024,128,1782187436.868
tenant_A,854,65.92,12.46,12.36,1660.88,1024,128,1782187436.983
tenant_A,855,62.0,12.23,12.13,1627.23,1024,128,1782187437.062
tenant_A,856,63.57,11.99,11.89,1597.79,1024,128,1782187437.241
tenant_A,857,66.79,11.74,11.65,1569.12,1024,128,1782187437.372
tenant_A,858,68.47,11.74,11.65,1571.27,1024,128,1782187438.363
tenant_A,859,64.36,11.78,11.69,1572.28,1024,128,1782187439.589
tenant_A,860,62.32,11.54,11.45,1539.68,1024,128,1782187439.872
tenant_A,861,63.72,11.45,11.36,1529.2,1024,128,1782187441.016
tenant_A,862,60.79,11.81,11.71,1572.0,1024,128,1782187442.154
tenant_A,863,60.62,12.34,12.25,1640.58,1024,128,1782187442.682
tenant_A,864,63.54,12.13,12.04,1616.28,1024,128,1782187442.915
tenant_A,865,67.6,12.43,12.33,1658.71,1024,128,1782187443.87
tenant_A,866,69.23,12.2,12.11,1630.85,1024,128,1782187444.037
tenant_A,867,70.94,11.95,11.86,1600.62,1024,128,1782187444.217
tenant_A,868,65.92,12.42,12.32,1655.49,1024,128,1782187444.829
tenant_A,869,64.48,12.19,12.09,1624.2,1024,128,1782187445.034
tenant_A,870,58.78,12.15,12.06,1614.13,1024,128,1782187445.81
tenant_A,871,60.59,12.17,12.08,1618.82,1024,128,1782187446.172
tenant_A,872,66.33,11.92,11.83,1592.66,1024,128,1782187446.313
tenant_A,873,61.73,11.84,11.75,1577.6,1024,128,1782187447.258
tenant_A,874,63.96,11.57,11.48,1545.31,1024,128,1782187447.54
tenant_A,875,67.63,11.17,11.08,1497.32,1024,128,1782187448.698
tenant_A,876,51.03,11.61,11.52,1536.8,1024,128,1782187451.292
tenant_A,877,58.8,13.51,13.41,1788.16,1024,128,1782187452.591
tenant_A,878,65.39,13.89,13.78,1843.0,1024,128,1782187452.763
tenant_A,879,65.95,13.73,13.62,1823.22,1024,128,1782187452.94
tenant_A,880,87.97,13.49,13.38,1814.29,1024,128,1782187452.973
tenant_A,881,68.54,13.27,13.17,1767.14,1024,128,1782187453.197
tenant_A,882,65.23,13.29,13.18,1765.96,1024,128,1782187453.393
tenant_A,883,64.84,13.29,13.19,1766.37,1024,128,1782187453.553
tenant_A,884,100.81,13.04,12.94,1770.32,1024,128,1782187453.573
tenant_A,885,61.2,12.72,12.62,1689.74,1024,128,1782187454.245
tenant_A,886,101.99,12.14,12.05,1655.84,1024,128,1782187454.406
tenant_A,887,105.24,12.14,12.05,1659.09,1024,128,1782187454.403
tenant_A,888,67.08,11.97,11.88,1599.09,1024,128,1782187455.021
tenant_A,889,59.78,11.69,11.6,1556.35,1024,128,1782187455.212
tenant_A,890,61.33,11.71,11.62,1560.8,1024,128,1782187456.236
tenant_A,891,63.26,12.87,12.77,1710.4,1024,128,1782187457.509
tenant_A,892,64.9,12.66,12.56,1685.2,1024,128,1782187457.685
tenant_A,893,61.82,12.68,12.58,1685.16,1024,128,1782187457.89
tenant_A,894,61.74,13.33,13.23,1767.78,1024,128,1782187458.379
tenant_A,895,67.7,13.13,13.02,1747.73,1024,128,1782187458.542
tenant_A,896,64.88,12.93,12.82,1719.29,1024,128,1782187458.865
tenant_A,897,66.02,12.68,12.59,1689.57,1024,128,1782187459.068
tenant_A,898,61.76,12.64,12.54,1679.75,1024,128,1782187459.373
tenant_A,899,105.96,12.08,11.99,1652.34,1024,128,1782187459.793
tenant_A,900,101.44,12.08,11.99,1647.88,1024,128,1782187459.798
tenant_A,901,123.08,11.8,11.71,1634.12,1024,128,1782187459.834
tenant_A,902,67.02,11.55,11.46,1545.01,1024,128,1782187460.776
tenant_A,903,66.77,12.36,12.27,1649.35,1024,128,1782187462.059
tenant_A,904,64.91,12.66,12.56,1685.06,1024,128,1782187462.297
tenant_A,905,65.01,12.81,12.71,1704.66,1024,128,1782187463.115
tenant_A,906,98.07,12.56,12.46,1706.04,1024,128,1782187463.125
tenant_A,907,63.13,12.31,12.22,1639.4,1024,128,1782187463.32
tenant_A,908,58.76,12.29,12.2,1631.98,1024,128,1782187463.738
tenant_A,909,78.67,12.03,11.94,1619.03,1024,128,1782187463.774
tenant_A,910,65.39,11.77,11.68,1571.73,1024,128,1782187464.037
tenant_A,911,61.63,12.07,11.98,1607.03,1024,128,1782187465.203
tenant_A,912,64.66,12.13,12.03,1616.7,1024,128,1782187465.844
tenant_A,913,60.13,11.91,11.82,1584.59,1024,128,1782187466.186
tenant_A,914,65.22,11.66,11.57,1557.64,1024,128,1782187466.292
tenant_A,915,60.36,11.22,11.14,1496.81,1024,128,1782187467.284
tenant_A,916,50.67,11.42,11.33,1512.15,1024,128,1782187469.783
tenant_A,917,63.59,11.2,11.11,1497.06,1024,128,1782187470.605
tenant_A,918,49.62,11.74,11.65,1552.58,1024,128,1782187472.2
tenant_A,919,62.89,11.59,11.5,1546.89,1024,128,1782187472.889
tenant_A,920,71.08,11.35,11.26,1523.27,1024,128,1782187472.946
tenant_A,921,50.19,11.39,11.3,1508.11,1024,128,1782187475.07
tenant_A,922,65.22,11.99,11.9,1600.18,1024,128,1782187476.273
tenant_A,923,69.2,12.15,12.05,1624.15,1024,128,1782187477.121
tenant_A,924,69.63,11.93,11.83,1596.12,1024,128,1782187477.529
tenant_A,925,59.77,11.67,11.58,1553.22,1024,128,1782187477.742
tenant_A,926,58.4,11.35,11.27,1511.8,1024,128,1782187478.142
tenant_A,927,50.04,13.09,12.99,1726.03,1024,128,1782187480.288
tenant_A,928,61.43,13.06,12.96,1733.2,1024,128,1782187480.812
tenant_A,929,66.61,13.1,13.0,1743.2,1024,128,1782187481.031
tenant_A,930,63.71,12.85,12.75,1708.38,1024,128,1782187481.101
tenant_A,931,106.13,12.37,12.27,1689.44,1024,128,1782187481.259
tenant_A,932,134.21,12.11,12.01,1683.94,1024,128,1782187481.276
tenant_A,933,65.95,12.32,12.23,1643.01,1024,128,1782187481.854
tenant_A,934,66.45,11.95,11.86,1596.29,1024,128,1782187482.624
tenant_A,935,62.41,11.92,11.83,1587.86,1024,128,1782187482.95
tenant_A,936,95.33,11.67,11.58,1588.62,1024,128,1782187482.96
tenant_A,937,61.19,12.35,12.26,1642.37,1024,128,1782187484.223
tenant_A,938,60.36,12.71,12.61,1686.68,1024,128,1782187484.787
tenant_A,939,67.05,12.47,12.37,1663.29,1024,128,1782187484.833
tenant_A,940,67.7,12.25,12.15,1635.49,1024,128,1782187485.139
tenant_A,941,69.64,11.99,11.9,1604.1,1024,128,1782187485.435
tenant_A,942,69.16,12.2,12.11,1630.78,1024,128,1782187486.069
tenant_A,943,69.08,11.95,11.86,1598.38,1024,128,1782187486.25
tenant_A,944,70.64,12.41,12.31,1658.57,1024,128,1782187487.159
tenant_A,945,59.33,12.67,12.58,1681.72,1024,128,1782187487.361
tenant_A,946,61.91,12.94,12.84,1718.28,1024,128,1782187487.841
tenant_A,947,69.16,12.84,12.74,1712.78,1024,128,1782187488.531
tenant_A,948,68.23,13.09,12.98,1743.19,1024,128,1782187488.667
tenant_A,949,64.64,13.12,13.02,1743.84,1024,128,1782187488.898
tenant_A,950,91.36,12.87,12.77,1738.66,1024,128,1782187488.915
tenant_A,951,62.3,12.88,12.78,1710.84,1024,128,1782187489.382
tenant_A,952,62.77,12.61,12.52,1677.48,1024,128,1782187489.496
tenant_A,953,66.46,12.78,12.68,1702.68,1024,128,1782187490.242
tenant_A,954,71.4,12.54,12.45,1677.04,1024,128,1782187490.291
tenant_A,955,70.44,12.29,12.2,1644.1,1024,128,1782187490.451
tenant_A,956,63.55,12.25,12.16,1632.07,1024,128,1782187490.841
tenant_A,957,62.03,11.97,11.88,1594.53,1024,128,1782187491.316
tenant_A,958,69.06,11.68,11.59,1564.55,1024,128,1782187491.676
tenant_A,959,65.66,11.85,11.76,1582.84,1024,128,1782187492.106
tenant_A,960,65.98,11.85,11.75,1582.19,1024,128,1782187493.339
tenant_A,961,63.64,11.6,11.51,1548.69,1024,128,1782187493.452
tenant_A,962,59.99,12.41,12.31,1648.14,1024,128,1782187494.204
tenant_A,963,64.85,12.54,12.44,1669.49,1024,128,1782187495.302
tenant_A,964,111.19,11.98,11.88,1644.05,1024,128,1782187495.35
tenant_A,965,102.21,11.98,11.88,1635.11,1024,128,1782187495.359
tenant_A,966,61.74,11.9,11.81,1585.55,1024,128,1782187495.755
tenant_A,967,66.81,11.57,11.48,1547.9,1024,128,1782187496.544
tenant_A,968,59.62,11.8,11.71,1569.68,1024,128,1782187497.178
tenant_A,969,67.98,12.72,12.62,1695.99,1024,128,1782187498.133
tenant_A,970,67.33,12.53,12.43,1670.64,1024,128,1782187498.53
tenant_A,971,60.73,12.33,12.24,1639.56,1024,128,1782187499.036
tenant_A,972,115.1,11.99,11.9,1649.77,1024,128,1782187499.078
tenant_A,973,128.5,11.99,11.9,1663.15,1024,128,1782187499.065
tenant_A,974,62.24,11.98,11.89,1596.27,1024,128,1782187499.311
tenant_A,975,62.64,12.36,12.26,1644.45,1024,128,1782187500.653
tenant_A,976,59.34,12.13,12.03,1611.65,1024,128,1782187500.755
tenant_A,977,61.81,11.93,11.84,1589.38,1024,128,1782187501.376
tenant_A,978,69.31,11.69,11.6,1565.68,1024,128,1782187501.57
tenant_A,979,71.09,11.66,11.56,1562.97,1024,128,1782187501.738
tenant_A,980,70.07,12.31,12.22,1645.91,1024,128,1782187503.231
tenant_A,981,66.59,12.3,12.21,1641.06,1024,128,1782187503.344
tenant_A,982,62.98,12.77,12.67,1697.24,1024,128,1782187504.471
tenant_A,983,68.72,12.53,12.44,1673.17,1024,128,1782187504.611
tenant_A,984,92.35,12.28,12.18,1663.71,1024,128,1782187504.632
tenant_A,985,60.23,12.03,11.94,1600.38,1024,128,1782187504.879
tenant_A,986,66.15,12.01,11.92,1603.97,1024,128,1782187505.227
tenant_A,987,61.38,11.94,11.85,1590.14,1024,128,1782187505.82
tenant_A,988,67.55,12.34,12.24,1646.92,1024,128,1782187506.579
tenant_A,989,59.4,12.67,12.57,1681.14,1024,128,1782187507.2
tenant_A,990,68.17,12.49,12.39,1667.06,1024,128,1782187507.736
tenant_A,991,62.18,12.49,12.4,1661.14,1024,128,1782187507.842
tenant_A,992,61.02,12.25,12.16,1629.21,1024,128,1782187508.117
tenant_A,993,60.69,12.0,11.9,1596.07,1024,128,1782187508.427
tenant_A,994,60.87,11.74,11.65,1563.85,1024,128,1782187508.516
tenant_A,995,60.64,11.81,11.72,1572.63,1024,128,1782187509.442
tenant_A,996,69.11,11.55,11.46,1547.57,1024,128,1782187510.275
tenant_A,997,59.91,11.48,11.4,1529.96,1024,128,1782187510.828
tenant_A,998,61.48,11.5,11.41,1533.24,1024,128,1782187512.296
tenant_A,999,67.22,11.27,11.18,1509.85,1024,128,1782187512.601
tenant_A,1000,66.57,11.81,11.72,1578.03,1024,128,1782187514.084
tenant_A,1001,61.78,11.59,11.5,1545.2,1024,128,1782187514.344
tenant_A,1002,68.69,11.59,11.5,1552.4,1024,128,1782187514.765
tenant_A,1003,60.42,11.44,11.35,1524.14,1024,128,1782187515.881
tenant_A,1004,59.6,11.72,11.63,1559.28,1024,128,1782187517.151
tenant_A,1005,63.2,11.56,11.47,1542.83,1024,128,1782187518.01
tenant_A,1006,67.07,11.27,11.18,1509.77,1024,128,1782187518.435
tenant_A,1007,50.87,12.31,12.22,1627.11,1024,128,1782187520.186
tenant_A,1008,66.47,12.11,12.02,1616.72,1024,128,1782187520.336
tenant_A,1009,68.98,11.88,11.79,1590.09,1024,128,1782187520.615
tenant_A,1010,66.29,12.42,12.33,1656.57,1024,128,1782187521.403
tenant_A,1011,61.52,12.42,12.33,1651.85,1024,128,1782187521.601
tenant_A,1012,71.03,12.45,12.36,1664.86,1024,128,1782187522.21
tenant_A,1013,63.08,12.47,12.37,1658.61,1024,128,1782187522.387
tenant_A,1014,70.38,12.46,12.37,1665.49,1024,128,1782187522.896
tenant_A,1015,60.37,12.46,12.37,1655.47,1024,128,1782187523.098
tenant_A,1016,61.19,12.21,12.12,1624.58,1024,128,1782187523.534
tenant_A,1017,61.16,11.95,11.86,1590.67,1024,128,1782187523.878
tenant_A,1018,64.92,11.66,11.57,1557.82,1024,128,1782187524.264
tenant_A,1019,69.26,11.35,11.26,1522.27,1024,128,1782187524.58
tenant_A,1020,50.23,11.4,11.31,1509.04,1024,128,1782187526.411
tenant_A,1021,59.87,11.83,11.74,1573.79,1024,128,1782187527.755
tenant_A,1022,61.93,11.58,11.49,1544.34,1024,128,1782187527.898
tenant_A,1023,64.21,11.57,11.48,1544.95,1024,128,1782187528.586
tenant_A,1024,69.0,11.78,11.69,1577.1,1024,128,1782187529.561
tenant_A,1025,61.26,11.58,11.49,1543.73,1024,128,1782187530.425
tenant_A,1026,69.03,11.33,11.24,1518.81,1024,128,1782187530.539
tenant_A,1027,51.59,11.43,11.34,1514.25,1024,128,1782187532.565
tenant_A,1028,65.28,11.77,11.68,1571.63,1024,128,1782187533.433
tenant_A,1029,65.71,12.31,12.22,1641.61,1024,128,1782187534.256
tenant_A,1030,68.42,12.39,12.3,1654.56,1024,128,1782187534.636
tenant_A,1031,62.89,12.66,12.56,1683.64,1024,128,1782187535.062
tenant_A,1032,67.27,12.76,12.66,1700.32,1024,128,1782187535.742
tenant_A,1033,66.88,12.53,12.43,1670.41,1024,128,1782187535.831
tenant_A,1034,97.3,12.28,12.18,1668.62,1024,128,1782187535.844
tenant_A,1035,63.06,12.25,12.16,1631.28,1024,128,1782187536.397
tenant_A,1036,60.98,12.0,11.91,1597.48,1024,128,1782187536.673
tenant_A,1037,64.07,11.95,11.86,1594.09,1024,128,1782187537.235
tenant_A,1038,64.1,11.89,11.8,1585.69,1024,128,1782187537.57
tenant_A,1039,64.19,12.37,12.28,1647.76,1024,128,1782187538.246
tenant_A,1040,63.77,12.43,12.34,1655.27,1024,128,1782187538.987
tenant_A,1041,63.94,12.49,12.39,1662.66,1024,128,1782187539.371
tenant_A,1042,99.96,12.23,12.14,1665.94,1024,128,1782187539.391
tenant_A,1043,59.32,12.22,12.13,1623.57,1024,128,1782187539.706
tenant_A,1044,64.27,12.43,12.34,1655.83,1024,128,1782187540.067
tenant_A,1045,70.28,12.42,12.33,1660.46,1024,128,1782187540.625
tenant_A,1046,64.29,12.43,12.34,1655.58,1024,128,1782187541.079
tenant_A,1047,69.6,12.72,12.62,1697.26,1024,128,1782187541.336
tenant_A,1048,58.41,13.02,12.92,1725.33,1024,128,1782187541.56
tenant_A,1049,65.06,12.88,12.78,1713.94,1024,128,1782187542.197
tenant_A,1050,67.36,12.64,12.54,1685.45,1024,128,1782187542.503
tenant_A,1051,69.53,12.39,12.3,1656.02,1024,128,1782187542.706
tenant_A,1052,93.78,12.13,12.03,1646.25,1024,128,1782187542.728
tenant_A,1053,70.31,12.09,12.0,1617.76,1024,128,1782187543.016
tenant_A,1054,88.2,11.85,11.75,1604.58,1024,128,1782187543.052
tenant_A,1055,61.86,12.39,12.29,1647.24,1024,128,1782187544.387
tenant_A,1056,61.65,12.69,12.6,1686.44,1024,128,1782187544.793
tenant_A,1057,62.81,12.46,12.37,1658.23,1024,128,1782187544.891
tenant_A,1058,66.76,12.22,12.13,1631.36,1024,128,1782187544.999
tenant_A,1059,62.39,12.7,12.6,1688.3,1024,128,1782187545.751
tenant_A,1060,69.49,13.3,13.19,1771.45,1024,128,1782187546.156
tenant_A,1061,67.23,13.06,12.96,1738.73,1024,128,1782187546.212
tenant_A,1062,67.87,13.13,13.03,1748.3,1024,128,1782187546.753
tenant_A,1063,64.17,12.91,12.81,1716.58,1024,128,1782187546.868
tenant_A,1064,70.19,12.67,12.57,1692.28,1024,128,1782187547.345
tenant_A,1065,102.29,12.11,12.02,1652.5,1024,128,1782187547.662
tenant_A,1066,99.15,12.11,12.02,1649.42,1024,128,1782187547.665
tenant_A,1067,63.32,11.85,11.75,1579.6,1024,128,1782187547.769
tenant_A,1068,66.2,11.54,11.45,1543.18,1024,128,1782187547.984
tenant_A,1069,51.13,12.61,12.52,1665.85,1024,128,1782187550.542
tenant_A,1070,74.97,12.4,12.3,1661.57,1024,128,1782187550.836
tenant_A,1071,67.04,13.49,13.39,1793.89,1024,128,1782187551.477
tenant_A,1072,90.27,13.25,13.15,1786.26,1024,128,1782187551.508
tenant_A,1073,59.26,13.57,13.46,1796.1,1024,128,1782187551.767
tenant_A,1074,65.64,13.34,13.24,1773.78,1024,128,1782187551.908
tenant_A,1075,70.14,13.15,13.05,1753.92,1024,128,1782187552.538
tenant_A,1076,65.45,12.95,12.85,1722.76,1024,128,1782187552.723
tenant_A,1077,62.3,12.7,12.6,1687.71,1024,128,1782187552.862
tenant_A,1078,62.28,12.43,12.34,1653.53,1024,128,1782187553.012
tenant_A,1079,68.59,12.39,12.29,1653.96,1024,128,1782187553.202
tenant_A,1080,65.1,12.14,12.04,1618.63,1024,128,1782187553.272
tenant_A,1081,77.01,11.88,11.79,1597.55,1024,128,1782187553.316
tenant_A,1082,67.52,12.1,12.01,1616.31,1024,128,1782187554.789
tenant_A,1083,110.36,11.7,11.61,1608.14,1024,128,1782187555.659
tenant_A,1084,110.41,11.7,11.61,1608.19,1024,128,1782187555.659
tenant_A,1085,78.05,11.44,11.35,1541.86,1024,128,1782187555.747
tenant_A,1086,49.61,12.01,11.92,1587.41,1024,128,1782187558.186
tenant_A,1087,67.72,12.11,12.01,1617.52,1024,128,1782187558.568
tenant_A,1088,66.55,12.16,12.07,1623.17,1024,128,1782187559.134
tenant_A,1089,65.3,11.93,11.83,1591.76,1024,128,1782187559.487
tenant_A,1090,67.25,11.91,11.82,1591.72,1024,128,1782187559.77
tenant_A,1091,65.12,12.09,12.0,1613.14,1024,128,1782187560.61
tenant_A,1092,66.23,11.85,11.76,1583.09,1024,128,1782187561.065
tenant_A,1093,64.31,11.88,11.78,1584.48,1024,128,1782187561.703
tenant_A,1094,65.1,11.62,11.53,1552.34,1024,128,1782187562.076
tenant_A,1095,61.42,12.06,11.97,1605.4,1024,128,1782187562.731
tenant_A,1096,60.34,13.51,13.4,1789.24,1024,128,1782187563.699
tenant_A,1097,64.53,13.37,13.26,1775.7,1024,128,1782187564.067
tenant_A,1098,71.06,13.14,13.04,1753.0,1024,128,1782187564.148
tenant_A,1099,62.67,13.18,13.08,1749.76,1024,128,1782187564.43
tenant_A,1100,69.66,12.96,12.86,1728.92,1024,128,1782187564.57
tenant_A,1101,68.71,13.23,13.13,1762.32,1024,128,1782187564.915
tenant_A,1102,71.32,12.94,12.84,1727.92,1024,128,1782187565.315
tenant_A,1103,101.0,12.68,12.58,1724.03,1024,128,1782187565.33
tenant_A,1104,69.35,12.42,12.32,1659.02,1024,128,1782187565.418
tenant_A,1105,70.57,12.08,11.99,1617.3,1024,128,1782187565.897
tenant_A,1106,67.14,11.96,11.87,1597.92,1024,128,1782187566.517
tenant_A,1107,98.36,11.69,11.6,1595.18,1024,128,1782187566.531
tenant_A,1108,68.68,11.47,11.38,1536.81,1024,128,1782187567.919
tenant_A,1109,59.55,11.51,11.42,1532.87,1024,128,1782187568.577
tenant_A,1110,63.56,11.18,11.09,1494.71,1024,128,1782187569.545
tenant_A,1111,51.05,11.85,11.76,1567.49,1024,128,1782187571.344
tenant_A,1112,72.07,11.62,11.53,1559.18,1024,128,1782187571.375
tenant_A,1113,61.9,11.6,11.51,1546.59,1024,128,1782187571.61
tenant_A,1114,62.38,12.03,11.94,1602.83,1024,128,1782187572.98
tenant_A,1115,67.55,11.85,11.76,1584.9,1024,128,1782187573.343
tenant_A,1116,68.34,12.13,12.03,1620.83,1024,128,1782187573.975
tenant_A,1117,63.91,11.89,11.8,1585.76,1024,128,1782187574.067
tenant_A,1118,62.5,12.68,12.58,1684.91,1024,128,1782187575.225
tenant_A,1119,66.08,12.68,12.58,1688.62,1024,128,1782187575.448
tenant_A,1120,60.18,13.11,13.01,1738.82,1024,128,1782187576.328
tenant_A,1121,61.99,12.92,12.82,1715.21,1024,128,1782187576.542
tenant_A,1122,106.84,12.35,12.25,1687.23,1024,128,1782187576.616
tenant_A,1123,111.65,12.35,12.25,1692.08,1024,128,1782187576.611
tenant_A,1124,58.9,12.08,11.98,1604.79,1024,128,1782187577.055
tenant_A,1125,70.51,12.03,11.94,1610.78,1024,128,1782187577.503
tenant_A,1126,70.1,11.72,11.63,1569.72,1024,128,1782187577.725
tenant_A,1127,59.12,11.77,11.68,1565.37,1024,128,1782187578.892
tenant_A,1128,68.84,11.54,11.45,1546.53,1024,128,1782187579.537
tenant_A,1129,68.69,11.22,11.14,1505.42,1024,128,1782187580.284
tenant_A,1130,49.47,12.42,12.32,1639.01,1024,128,1782187582.025
tenant_A,1131,61.09,12.46,12.36,1655.77,1024,128,1782187582.189
tenant_A,1132,65.64,12.21,12.12,1628.95,1024,128,1782187582.239
tenant_A,1133,79.74,11.96,11.86,1610.0,1024,128,1782187582.281
tenant_A,1134,69.47,12.43,12.33,1660.47,1024,128,1782187583.49
tenant_A,1135,65.74,12.68,12.58,1688.42,1024,128,1782187583.697
tenant_A,1136,64.39,12.47,12.38,1660.95,1024,128,1782187584.004
tenant_A,1137,65.88,12.47,12.37,1662.25,1024,128,1782187584.16
tenant_A,1138,64.6,12.24,12.14,1631.07,1024,128,1782187584.574
tenant_A,1139,62.66,12.46,12.37,1657.86,1024,128,1782187585.129
tenant_A,1140,62.11,12.21,12.11,1624.58,1024,128,1782187585.323
tenant_A,1141,66.56,12.43,12.33,1657.14,1024,128,1782187585.686
tenant_A,1142,62.58,12.69,12.59,1686.41,1024,128,1782187586.241
tenant_A,1143,58.9,12.94,12.84,1715.52,1024,128,1782187586.495
tenant_A,1144,64.45,12.78,12.69,1700.82,1024,128,1782187586.948
tenant_A,1145,66.21,12.55,12.46,1673.08,1024,128,1782187587.265
tenant_A,1146,60.47,12.54,12.45,1665.88,1024,128,1782187587.359
tenant_A,1147,59.22,12.31,12.21,1634.63,1024,128,1782187587.553
tenant_A,1148,63.71,12.03,11.93,1602.93,1024,128,1782187588.022
tenant_A,1149,62.57,11.76,11.67,1567.84,1024,128,1782187588.148
tenant_A,1150,69.37,11.51,11.42,1543.0,1024,128,1782187588.945
tenant_A,1151,65.43,12.04,11.94,1606.15,1024,128,1782187590.274
tenant_A,1152,59.08,11.87,11.78,1578.64,1024,128,1782187590.795
tenant_A,1153,62.41,11.89,11.8,1584.39,1024,128,1782187591.312
tenant_A,1154,61.11,11.64,11.55,1551.51,1024,128,1782187591.424
tenant_A,1155,62.85,12.23,12.13,1627.67,1024,128,1782187592.477
tenant_A,1156,65.25,12.03,11.93,1604.81,1024,128,1782187593.062
tenant_A,1157,62.45,11.78,11.69,1570.45,1024,128,1782187593.165
tenant_A,1158,84.84,11.53,11.44,1560.41,1024,128,1782187593.197
tenant_A,1159,49.91,12.7,12.6,1675.03,1024,128,1782187594.809
tenant_A,1160,81.75,12.44,12.35,1674.69,1024,128,1782187594.832
tenant_A,1161,69.86,12.72,12.62,1698.35,1024,128,1782187595.126
tenant_A,1162,65.49,12.51,12.42,1667.36,1024,128,1782187595.586
tenant_A,1163,66.42,12.28,12.18,1637.99,1024,128,1782187595.639
tenant_A,1164,69.98,12.5,12.4,1669.78,1024,128,1782187596.258
tenant_A,1165,67.56,12.22,12.13,1632.26,1024,128,1782187596.527
tenant_A,1166,65.97,12.19,12.1,1626.63,1024,128,1782187596.7
tenant_A,1167,65.84,12.2,12.11,1627.41,1024,128,1782187597.632
tenant_A,1168,93.5,11.95,11.86,1622.96,1024,128,1782187597.659
tenant_A,1169,67.36,11.65,11.56,1558.22,1024,128,1782187598.248
tenant_A,1170,64.08,11.38,11.29,1520.85,1024,128,1782187598.419
tenant_A,1171,51.67,11.4,11.31,1510.39,1024,128,1782187601.263
tenant_A,1172,65.92,11.75,11.66,1569.82,1024,128,1782187602.489
tenant_A,1173,66.09,11.8,11.71,1576.9,1024,128,1782187603.006
tenant_A,1174,59.23,11.57,11.48,1540.72,1024,128,1782187603.781
tenant_A,1175,63.88,11.29,11.2,1509.13,1024,128,1782187604.07
tenant_A,1176,51.21,11.77,11.68,1558.27,1024,128,1782187606.623
tenant_A,1177,62.25,11.82,11.73,1575.51,1024,128,1782187606.923
tenant_A,1178,67.14,11.86,11.77,1585.14,1024,128,1782187607.699
tenant_A,1179,62.0,11.59,11.5,1545.15,1024,128,1782187608.159
tenant_A,1180,59.73,11.27,11.19,1502.86,1024,128,1782187608.684

